# Empirical dimensionless cumulative-rainfall hyetographs, Texas.
# Source: Williams-Sether, T., Asquith, W.H., Thompson, D.B., Cleveland, T.G., and Fang, X.,
#   2004, USGS Scientific Investigations Report 2004-5075 (TxDOT Project 0-4194-3).
# Supplement 4 = untrimmed and smoothed percentiles (printed pp. 76-100);
# Supplement 5 = trimmed and smoothed percentiles (printed pp. 101-125).
# Values are cumulative rainfall as percent of storm total at the center of each 2.5-percent
#   storm-duration interval (2.5 ... 97.5). Empty cell = '--' (no data) in the source.
# quartile: 1-4 = first-fourth quartile storms (quartile of storm duration holding the
#   most rain); all = first- through fourth-quartile storms combined.
# duration_class: storm duration in hours (0-6, 6-12, 12-24, 24-72, 0-72).
# Transcribed twice (PDF text layer and OCR of page images) and compared cell by cell by
#   scripts/texas_hyetograph_transcription.py (no disagreements in 22,113 cells).
# No corrections were applied. Report Table 4 (0-72 hr medians) equals the Supplement 5
#   0-72 hr 50th-percentile columns; Tables 5-6 equal its 10th/50th/90th columns.
# Some smoothed columns are not monotone in the source (see tests/test_texas_storm.py).
supplement,quartile,duration_class,interval_pct,p10,p20,p25,p30,p40,p50,p60,p70,p75,p80,p90
4,1,0-6,2.5,1.33,2.20,2.50,2.78,3.95,6.07,7.82,10.00,10.51,10.30,14.42
4,1,0-6,5,4.51,7.39,8.36,9.41,11.38,13.71,16.17,19.55,21.10,22.89,28.79
4,1,0-6,7.5,7.84,12.62,14.58,15.99,18.70,21.25,24.50,28.97,31.43,34.69,41.86
4,1,0-6,10,11.55,17.96,20.62,22.43,25.94,29.17,33.13,38.46,41.51,45.50,53.21
4,1,0-6,12.5,15.66,23.31,26.49,28.65,32.89,36.90,41.54,47.36,50.90,55.01,62.65
4,1,0-6,15,20.18,28.76,32.24,34.68,39.60,44.38,49.73,55.57,59.32,63.07,70.53
4,1,0-6,17.5,24.66,33.81,37.57,40.34,45.81,51.37,57.13,62.71,66.23,69.60,76.44
4,1,0-6,20,29.24,38.66,42.58,45.54,51.52,57.78,63.77,68.80,71.97,74.99,81.34
4,1,0-6,22.5,33.42,43.19,47.24,50.27,56.67,63.05,69.29,73.69,76.44,79.04,85.03
4,1,0-6,25,37.62,47.66,51.71,54.75,61.34,67.46,73.79,77.60,79.74,81.95,87.68
4,1,0-6,27.5,41.25,51.38,55.48,58.61,65.27,71.18,77.23,80.64,82.27,84.27,89.50
4,1,0-6,30,44.61,54.82,58.92,61.99,68.67,74.48,80.25,83.17,84.51,86.21,90.97
4,1,0-6,32.5,47.80,58.07,62.14,65.21,71.68,77.30,82.57,85.14,86.38,87.86,92.09
4,1,0-6,35,51.00,60.99,65.02,68.10,74.30,79.97,84.61,86.90,88.10,89.44,93.23
4,1,0-6,37.5,53.59,63.26,67.37,70.49,76.40,82.48,86.33,88.41,89.66,90.91,94.20
4,1,0-6,40,56.29,65.62,69.76,72.76,78.35,84.49,87.78,89.71,91.02,92.13,95.13
4,1,0-6,42.5,58.92,67.80,71.94,74.96,80.08,85.86,88.72,90.58,91.92,93.05,95.87
4,1,0-6,45,61.51,69.61,73.87,76.97,81.62,87.02,89.63,91.42,92.65,93.76,96.49
4,1,0-6,47.5,63.53,71.38,75.65,78.77,82.85,87.85,90.28,92.02,93.19,94.30,96.94
4,1,0-6,50,65.87,73.19,77.46,80.58,84.19,88.53,91.00,92.66,93.72,94.82,97.39
4,1,0-6,52.5,67.84,74.75,78.90,82.01,85.36,89.17,91.61,93.17,94.21,95.31,97.77
4,1,0-6,55,69.63,76.23,80.32,83.26,86.50,89.86,92.23,93.72,94.74,95.76,98.09
4,1,0-6,57.5,70.72,77.74,81.72,84.38,87.54,90.52,92.78,94.18,95.23,96.19,98.38
4,1,0-6,60,72.03,79.18,83.09,85.56,88.68,91.26,93.36,94.67,95.69,96.54,98.60
4,1,0-6,62.5,72.61,80.44,84.23,86.55,89.66,91.88,93.81,95.07,96.08,96.85,98.78
4,1,0-6,65,73.24,81.77,85.55,87.75,90.69,92.58,94.30,95.52,96.47,97.13,98.91
4,1,0-6,67.5,73.40,83.11,86.78,88.90,91.63,93.25,94.75,95.92,96.80,97.37,99.05
4,1,0-6,70,73.95,84.32,87.83,89.85,92.53,93.88,95.20,96.34,97.10,97.59,99.12
4,1,0-6,72.5,74.42,85.46,88.81,90.67,93.24,94.42,95.60,96.72,97.38,97.82,99.20
4,1,0-6,75,75.38,86.67,89.95,91.67,93.96,95.03,96.06,97.12,97.67,98.05,99.29
4,1,0-6,77.5,76.68,87.81,90.95,92.56,94.58,95.57,96.51,97.50,97.94,98.28,99.39
4,1,0-6,80,78.62,88.82,91.90,93.41,95.15,96.09,96.96,97.86,98.19,98.50,99.49
4,1,0-6,82.5,80.81,89.96,92.93,94.27,95.69,96.58,97.40,98.21,98.46,98.74,99.60
4,1,0-6,85,83.23,91.14,94.02,95.20,96.33,97.12,97.86,98.55,98.73,98.98,99.70
4,1,0-6,87.5,85.85,92.39,94.99,95.93,96.92,97.61,98.29,98.84,98.97,99.20,99.79
4,1,0-6,90,88.36,93.80,96.02,96.69,97.56,98.09,98.68,99.11,99.19,99.40,99.86
4,1,0-6,92.5,91.00,95.40,97.11,97.49,98.27,98.59,99.06,99.36,99.42,99.59,99.91
4,1,0-6,95,93.49,96.99,98.19,98.28,99.02,99.08,99.39,99.59,99.64,99.75,99.96
4,1,0-6,97.5,96.16,98.70,98.90,99.05,99.27,99.50,99.71,99.81,99.85,99.91,99.99
4,1,6-12,2.5,2.54,4.42,5.56,7.06,8.47,7.78,10.13,13.45,16.16,17.93,24.21
4,1,6-12,5,6.63,9.93,11.84,13.40,16.10,17.89,22.37,26.98,30.83,34.02,42.21
4,1,6-12,7.5,10.63,15.42,18.05,19.69,23.51,27.28,33.53,39.08,43.78,48.13,57.81
4,1,6-12,10,14.63,21.03,24.21,26.03,30.90,35.80,43.23,49.32,54.65,59.81,70.42
4,1,6-12,12.5,18.70,26.44,29.98,32.02,37.70,43.15,50.95,57.24,62.93,68.44,79.29
4,1,6-12,15,22.70,31.59,35.30,37.63,43.83,49.54,57.20,63.36,69.10,74.35,84.87
4,1,6-12,17.5,26.62,36.32,40.03,42.66,49.06,54.71,61.91,67.84,73.35,78.14,88.15
4,1,6-12,20,30.60,40.61,44.24,47.18,53.68,59.40,65.91,71.73,76.89,80.90,90.28
4,1,6-12,22.5,34.52,44.31,47.98,51.29,57.58,63.32,69.15,74.87,79.54,82.71,91.31
4,1,6-12,25,38.14,47.67,51.53,55.12,61.22,66.87,72.15,77.74,81.77,84.28,92.10
4,1,6-12,27.5,41.67,50.93,54.95,58.67,64.79,70.32,75.01,80.37,83.69,85.65,92.88
4,1,6-12,30,45.04,53.88,58.11,61.94,68.12,73.55,77.79,82.62,85.27,86.79,93.49
4,1,6-12,32.5,48.03,56.86,61.17,65.01,71.18,76.44,80.34,84.46,86.49,87.81,94.00
4,1,6-12,35,50.60,60.00,64.23,67.82,73.97,79.05,82.59,86.11,87.62,88.74,94.55
4,1,6-12,37.5,52.71,62.81,67.09,70.42,76.34,81.20,84.60,87.56,88.67,89.58,95.00
4,1,6-12,40,54.13,64.66,69.22,72.48,77.85,82.49,85.96,88.65,89.52,90.38,95.31
4,1,6-12,42.5,55.01,66.28,71.14,74.11,78.97,83.32,86.89,89.56,90.32,91.19,95.64
4,1,6-12,45,55.25,67.30,72.61,75.40,79.70,83.72,87.37,90.23,90.97,91.93,95.92
4,1,6-12,47.5,55.40,67.99,73.70,76.38,80.26,83.96,87.70,90.71,91.57,92.79,96.23
4,1,6-12,50,55.50,68.57,74.48,77.14,80.66,84.03,87.71,90.95,91.97,93.55,96.56
4,1,6-12,52.5,55.69,69.47,75.34,78.04,81.43,84.33,87.91,91.21,92.35,94.39,96.96
4,1,6-12,55,56.37,70.35,76.02,78.85,82.00,84.56,87.97,91.37,92.67,95.02,97.35
4,1,6-12,57.5,57.55,71.47,76.85,79.63,82.61,84.96,88.22,91.59,93.05,95.58,97.75
4,1,6-12,60,59.12,72.47,77.57,80.34,83.11,85.34,88.46,91.84,93.39,95.96,98.09
4,1,6-12,62.5,60.28,73.63,78.31,80.91,83.64,85.84,88.85,92.12,93.81,96.30,98.40
4,1,6-12,65,61.11,74.76,79.05,81.34,83.93,86.37,89.25,92.43,94.25,96.43,98.65
4,1,6-12,67.5,61.21,75.71,79.78,81.79,84.45,87.02,89.83,92.85,94.70,96.65,98.86
4,1,6-12,70,61.60,76.33,80.37,82.38,85.05,87.63,90.40,93.29,95.11,96.85,99.01
4,1,6-12,72.5,61.90,76.90,81.04,82.92,85.87,88.41,91.08,93.80,95.52,97.08,99.12
4,1,6-12,75,62.30,77.15,81.54,83.52,86.70,89.30,91.85,94.41,95.93,97.31,99.21
4,1,6-12,77.5,62.60,77.42,82.20,84.24,87.69,90.25,92.67,95.04,96.36,97.61,99.25
4,1,6-12,80,63.00,77.90,83.01,85.11,88.74,91.25,93.55,95.66,96.78,97.89,99.30
4,1,6-12,82.5,63.40,79.06,84.09,86.05,89.84,92.38,94.44,96.27,97.21,98.17,99.32
4,1,6-12,85,63.70,80.80,85.47,87.43,91.02,93.48,95.35,96.85,97.64,98.45,99.39
4,1,6-12,87.5,67.70,83.37,87.46,89.20,92.42,94.58,96.23,97.39,98.07,98.73,99.46
4,1,6-12,90,71.65,86.52,89.74,91.19,93.90,95.72,97.11,97.92,98.50,99.01,99.57
4,1,6-12,92.5,80.02,90.16,92.25,93.36,95.42,96.91,97.93,98.44,98.93,99.29,99.68
4,1,6-12,95,88.16,93.81,94.80,95.54,96.97,98.07,98.77,98.95,99.36,99.56,99.81
4,1,6-12,97.5,95.93,97.45,97.39,97.69,98.51,99.24,99.57,99.45,99.79,99.84,99.94
4,1,12-24,2.5,1.93,4.92,6.88,7.82,8.29,8.61,11.03,14.36,16.21,19.17,25.70
4,1,12-24,5,6.08,11.08,13.65,14.90,16.81,18.60,22.63,28.10,31.14,34.79,42.59
4,1,12-24,7.5,10.60,17.23,20.39,21.94,25.13,28.03,33.26,40.44,44.55,48.63,57.29
4,1,12-24,10,15.73,23.63,27.29,29.11,33.07,36.48,42.44,50.85,55.77,60.06,69.18
4,1,12-24,12.5,21.46,29.87,33.85,35.96,40.31,43.84,49.88,58.95,64.45,68.68,77.90
4,1,12-24,15,27.69,35.88,39.98,42.37,47.01,50.40,55.97,64.99,70.62,74.63,83.42
4,1,12-24,17.5,33.99,41.51,45.50,48.20,52.94,56.10,61.02,69.42,74.58,78.25,86.67
4,1,12-24,20,39.94,46.69,50.51,53.50,58.46,61.37,65.55,73.06,77.43,80.69,88.65
4,1,12-24,22.5,44.79,50.91,54.90,58.24,63.55,66.54,69.98,76.26,79.80,82.57,89.91
4,1,12-24,25,48.49,54.41,58.88,62.55,68.41,71.60,74.58,79.46,82.05,84.39,90.83
4,1,12-24,27.5,50.74,57.03,62.18,66.17,72.43,76.20,79.00,82.72,84.53,86.38,91.82
4,1,12-24,30,51.84,58.84,64.58,69.00,75.57,80.05,82.82,85.80,87.17,88.58,92.97
4,1,12-24,32.5,52.15,59.87,66.15,71.01,77.67,83.13,86.09,88.61,89.74,90.84,94.20
4,1,12-24,35,52.36,60.86,67.31,72.46,79.10,85.28,88.56,90.93,91.95,92.85,95.37
4,1,12-24,37.5,52.37,61.64,68.05,73.38,79.77,86.57,90.13,92.57,93.61,94.34,96.37
4,1,12-24,40,52.84,62.61,68.80,74.19,80.34,87.38,91.16,93.66,94.75,95.40,97.15
4,1,12-24,42.5,53.59,63.55,69.67,74.96,80.92,88.00,91.90,94.38,95.46,96.06,97.67
4,1,12-24,45,54.63,64.83,70.88,75.94,81.68,88.51,92.35,94.74,95.84,96.43,98.00
4,1,12-24,47.5,55.74,66.08,72.12,76.81,82.41,88.97,92.65,94.96,96.05,96.63,98.19
4,1,12-24,50,57.18,67.62,73.53,77.83,83.23,89.48,92.91,95.17,96.24,96.83,98.33
4,1,12-24,52.5,58.43,69.04,74.84,78.74,84.01,89.99,93.11,95.36,96.41,97.01,98.46
4,1,12-24,55,59.71,70.65,76.16,79.54,84.76,90.44,93.30,95.48,96.54,97.16,98.59
4,1,12-24,57.5,60.80,71.96,77.21,80.15,85.36,90.80,93.49,95.65,96.69,97.33,98.75
4,1,12-24,60,61.69,73.23,78.15,80.68,85.79,91.04,93.67,95.78,96.80,97.48,98.94
4,1,12-24,62.5,62.21,73.72,78.47,80.86,86.16,91.21,93.89,95.94,96.91,97.63,99.13
4,1,12-24,65,62.71,73.76,78.51,80.90,86.44,91.31,94.10,96.07,96.99,97.75,99.31
4,1,12-24,67.5,62.83,73.90,78.54,81.00,86.60,91.36,94.33,96.22,97.10,97.89,99.47
4,1,12-24,70,63.02,74.10,78.58,81.13,86.87,91.48,94.58,96.36,97.16,98.00,99.56
4,1,12-24,72.5,63.30,74.20,78.61,81.24,87.40,91.73,94.85,96.52,97.28,98.11,99.61
4,1,12-24,75,64.09,74.40,78.64,81.98,88.02,92.04,95.11,96.65,97.36,98.22,99.62
4,1,12-24,77.5,65.58,74.51,79.75,83.11,88.78,92.45,95.41,96.84,97.49,98.34,99.63
4,1,12-24,80,67.95,76.98,81.43,84.64,89.76,92.93,95.70,97.01,97.62,98.43,99.64
4,1,12-24,82.5,70.80,79.80,83.42,86.32,90.79,93.53,96.05,97.24,97.79,98.55,99.65
4,1,12-24,85,74.23,82.73,85.50,87.90,91.81,94.25,96.47,97.49,97.96,98.68,99.66
4,1,12-24,87.5,77.95,85.63,87.75,89.73,92.92,95.02,96.95,97.82,98.21,98.83,99.67
4,1,12-24,90,81.67,88.43,89.97,91.59,94.09,95.82,97.46,98.15,98.47,99.00,99.68
4,1,12-24,92.5,85.39,91.02,92.12,93.50,95.37,96.77,98.06,98.58,98.81,99.21,99.76
4,1,12-24,95,89.09,93.51,94.20,95.56,96.77,97.73,98.67,99.03,99.18,99.45,99.84
4,1,12-24,97.5,92.81,95.96,96.25,97.77,98.25,98.67,99.29,99.51,99.61,99.70,99.92
4,1,24-72,2.5,3.03,4.69,5.60,6.88,9.29,12.07,15.64,20.29,21.82,25.30,32.14
4,1,24-72,5,6.69,11.26,12.98,14.87,18.39,22.49,26.87,32.62,35.38,39.63,48.48
4,1,24-72,7.5,10.35,17.15,19.83,22.24,26.67,31.68,36.69,43.13,47.00,51.74,62.21
4,1,24-72,10,14.12,22.40,25.62,28.63,33.70,39.33,45.01,51.86,56.64,61.42,72.82
4,1,24-72,12.5,17.78,26.92,30.46,33.90,39.49,45.45,51.78,58.81,64.07,68.43,80.13
4,1,24-72,15,21.20,30.83,34.67,38.44,44.31,50.35,57.11,64.02,69.16,72.81,84.52
4,1,24-72,17.5,24.46,33.98,38.16,42.00,48.12,54.00,61.53,68.22,73.08,76.16,87.30
4,1,24-72,20,27.62,37.11,40.93,45.01,51.30,57.14,65.23,72.05,76.41,79.14,89.43
4,1,24-72,22.5,30.51,40.06,43.74,47.64,53.86,59.67,67.81,74.71,78.64,81.32,91.00
4,1,24-72,25,33.56,43.03,46.44,50.15,56.01,61.62,69.27,76.23,79.96,82.87,92.11
4,1,24-72,27.5,36.58,46.09,48.97,52.42,57.69,62.59,69.62,76.67,80.56,83.87,92.58
4,1,24-72,30,39.65,49.16,51.43,54.66,59.07,63.32,69.80,77.00,80.58,84.23,93.04
4,1,24-72,32.5,43.11,52.46,54.69,57.20,60.54,64.00,70.10,77.40,80.59,84.50,93.20
4,1,24-72,35,46.79,55.85,58.01,59.97,62.55,65.25,70.30,77.80,80.61,84.77,93.58
4,1,24-72,37.5,50.00,58.99,61.07,62.60,64.57,66.81,70.57,78.13,81.95,86.01,94.24
4,1,24-72,40,53.07,61.90,63.91,65.05,66.61,68.78,72.76,80.55,84.30,88.03,95.33
4,1,24-72,42.5,55.45,64.27,66.26,67.13,68.50,70.80,75.53,83.34,87.00,90.30,96.34
4,1,24-72,45,56.78,65.81,67.62,68.53,70.06,72.61,78.17,86.01,89.65,92.53,97.46
4,1,24-72,47.5,57.30,66.67,68.38,69.38,71.11,73.82,80.07,87.84,91.58,94.23,98.25
4,1,24-72,50,57.46,66.78,68.54,69.62,71.83,74.73,81.42,88.98,92.86,95.33,98.81
4,1,24-72,52.5,57.47,66.90,68.60,69.68,72.37,75.54,82.22,89.47,93.31,95.74,99.09
4,1,24-72,55,57.48,67.10,68.70,69.70,72.94,76.32,82.81,89.74,93.55,96.02,99.30
4,1,24-72,57.5,57.49,67.30,68.80,69.76,73.52,77.14,83.33,89.90,93.58,96.13,99.39
4,1,24-72,60,57.50,67.40,68.90,69.80,74.11,78.06,83.86,90.16,93.77,96.29,99.48
4,1,24-72,62.5,57.51,67.60,69.00,69.86,74.84,79.02,84.51,90.52,93.99,96.43,99.53
4,1,24-72,65,57.52,67.80,69.10,70.54,75.65,80.06,85.42,91.06,94.32,96.69,99.56
4,1,24-72,67.5,57.53,67.90,69.24,71.62,76.54,81.03,86.32,91.63,94.70,96.87,99.59
4,1,24-72,70,57.54,68.09,70.24,72.84,77.56,82.08,87.18,92.21,95.25,97.20,99.62
4,1,24-72,72.5,58.87,69.26,71.45,74.18,78.54,83.09,88.09,92.75,95.60,97.39,99.63
4,1,24-72,75,60.70,70.48,72.62,75.39,79.47,84.01,88.95,93.26,96.01,97.64,99.64
4,1,24-72,77.5,63.08,71.94,74.04,76.81,80.49,84.80,89.76,93.75,96.32,97.75,99.66
4,1,24-72,80,65.60,73.35,75.44,78.06,81.42,85.61,90.51,94.23,96.50,97.82,99.68
4,1,24-72,82.5,68.15,74.86,76.86,79.26,82.20,86.47,91.38,94.71,96.48,97.84,99.69
4,1,24-72,85,70.94,76.56,78.51,80.57,83.18,87.34,92.26,95.20,96.62,97.85,99.70
4,1,24-72,87.5,73.82,78.81,80.55,82.23,84.64,88.30,93.01,95.73,96.69,97.86,99.74
4,1,24-72,90,77.16,81.56,83.08,84.40,86.61,89.83,93.99,96.33,97.05,98.14,99.76
4,1,24-72,92.5,81.23,85.01,86.32,87.33,89.31,91.96,95.37,97.05,97.68,98.55,99.80
4,1,24-72,95,86.03,89.12,90.19,91.00,92.79,94.60,96.98,97.93,98.50,99.06,99.85
4,1,24-72,97.5,91.44,93.74,94.50,95.24,96.76,97.83,98.86,98.90,99.39,99.62,99.90
4,1,0-72,2.5,1.82,4.68,5.87,7.09,8.51,8.72,11.15,14.79,17.06,19.87,26.99
4,1,0-72,5,6.12,10.41,12.37,14.05,16.49,18.67,22.55,27.82,31.13,35.07,43.60
4,1,0-72,7.5,10.43,16.10,18.79,20.90,24.26,27.97,32.98,39.46,43.54,48.36,57.84
4,1,0-72,10,14.90,21.99,25.27,27.76,31.81,36.29,42.10,49.36,53.90,59.37,69.27
4,1,0-72,12.5,19.40,27.76,31.44,34.17,38.78,43.51,49.68,57.26,61.91,67.70,77.51
4,1,0-72,15,24.00,33.37,37.26,40.10,45.17,49.94,55.93,63.40,67.84,73.43,82.63
4,1,0-72,17.5,28.48,38.60,42.50,45.35,50.70,55.41,61.14,68.11,72.14,77.14,85.68
4,1,0-72,20,32.81,43.39,47.18,49.99,55.60,60.42,65.87,72.22,75.77,80.02,87.83
4,1,0-72,22.5,36.68,47.35,50.98,53.83,59.83,64.97,70.07,75.75,78.75,82.20,89.25
4,1,0-72,25,40.20,50.71,54.19,57.10,63.51,69.08,74.01,78.93,81.44,84.21,90.34
4,1,0-72,27.5,43.19,53.47,56.79,59.74,66.48,72.51,77.59,81.82,83.94,86.19,91.46
4,1,0-72,30,45.88,55.80,58.90,61.86,68.93,75.31,80.56,84.34,86.21,88.12,92.67
4,1,0-72,32.5,48.09,57.80,60.69,63.55,70.85,77.46,82.91,86.43,88.22,89.90,93.76
4,1,0-72,35,50.01,60.03,62.70,65.36,72.58,79.20,84.85,88.18,90.01,91.55,94.86
4,1,0-72,37.5,51.68,62.07,64.60,67.18,74.19,80.55,86.29,89.49,91.36,92.79,95.83
4,1,0-72,40,53.21,63.94,66.41,69.00,75.76,81.73,87.38,90.56,92.43,93.76,96.60
4,1,0-72,42.5,54.40,65.56,68.05,70.79,77.21,82.80,88.30,91.43,93.26,94.55,97.16
4,1,0-72,45,55.57,67.01,69.57,72.60,78.61,83.80,89.06,92.11,93.83,95.11,97.60
4,1,0-72,47.5,56.67,67.98,70.67,74.00,79.75,84.62,89.63,92.67,94.23,95.51,97.89
4,1,0-72,50,57.74,68.89,71.68,75.23,80.69,85.36,90.15,93.19,94.63,95.87,98.11
4,1,0-72,52.5,58.64,69.60,72.56,76.25,81.46,86.00,90.60,93.58,94.95,96.19,98.31
4,1,0-72,55,59.55,70.30,73.42,77.11,82.08,86.55,90.96,93.89,95.20,96.43,98.49
4,1,0-72,57.5,60.32,70.90,74.19,77.82,82.68,87.10,91.36,94.17,95.46,96.66,98.65
4,1,0-72,60,60.98,71.50,74.97,78.44,83.21,87.64,91.75,94.44,95.70,96.86,98.82
4,1,0-72,62.5,61.49,72.05,75.67,78.95,83.73,88.19,92.12,94.68,95.95,97.06,98.97
4,1,0-72,65,61.96,72.69,76.41,79.51,84.33,88.80,92.53,94.96,96.19,97.23,99.09
4,1,0-72,67.5,62.26,73.27,77.10,80.02,84.99,89.44,92.95,95.24,96.44,97.41,99.21
4,1,0-72,70,62.67,73.96,77.84,80.63,85.67,90.09,93.37,95.55,96.69,97.57,99.30
4,1,0-72,72.5,63.20,74.67,78.63,81.37,86.40,90.74,93.79,95.86,96.93,97.76,99.36
4,1,0-72,75,64.03,75.46,79.44,82.16,87.17,91.39,94.23,96.19,97.15,97.92,99.41
4,1,0-72,77.5,65.36,76.39,80.33,83.08,87.99,92.03,94.67,96.52,97.38,98.09,99.45
4,1,0-72,80,67.26,77.47,81.31,84.13,88.87,92.65,95.10,96.84,97.59,98.25,99.48
4,1,0-72,82.5,69.53,78.66,82.37,85.18,89.70,93.31,95.54,97.15,97.79,98.41,99.50
4,1,0-72,85,72.36,80.23,83.58,86.33,90.58,94.07,96.05,97.49,98.01,98.57,99.54
4,1,0-72,87.5,75.69,82.35,85.30,87.94,91.65,94.83,96.57,97.85,98.25,98.75,99.58
4,1,0-72,90,79.41,84.91,87.43,89.80,92.92,95.66,97.15,98.22,98.54,98.95,99.64
4,1,0-72,92.5,83.65,88.11,90.12,92.03,94.44,96.67,97.83,98.64,98.87,99.18,99.71
4,1,0-72,95,88.42,91.88,93.27,94.64,96.25,97.78,98.56,99.10,99.25,99.45,99.80
4,1,0-72,97.5,93.48,95.96,96.82,97.53,98.33,98.93,99.31,99.56,99.65,99.74,99.91
4,2,0-6,2.5,0.18,0.36,0.41,0.47,0.52,0.63,0.89,1.71,2.21,1.32,5.34
4,2,0-6,5,0.74,1.28,1.67,2.02,2.56,3.01,3.74,4.96,5.66,5.62,10.12
4,2,0-6,7.5,1.23,2.29,3.00,3.60,4.52,5.32,6.53,8.19,9.08,9.81,14.94
4,2,0-6,10,1.82,3.54,4.36,5.21,6.61,7.77,9.50,11.50,12.61,13.77,19.80
4,2,0-6,12.5,2.35,4.73,5.63,6.71,8.71,10.26,12.49,14.85,16.13,17.38,24.67
4,2,0-6,15,2.94,6.01,6.84,8.22,10.96,12.90,15.57,18.41,19.85,21.05,29.53
4,2,0-6,17.5,3.38,7.18,8.09,9.86,13.54,15.90,18.96,22.30,23.93,25.18,34.56
4,2,0-6,20,3.99,8.47,9.62,11.83,16.47,19.30,22.75,26.53,28.30,29.72,39.66
4,2,0-6,22.5,4.75,10.09,11.64,14.17,19.55,22.82,26.58,31.03,32.94,34.86,44.59
4,2,0-6,25,5.65,12.28,14.25,17.32,23.07,26.77,30.77,35.84,37.86,40.78,49.67
4,2,0-6,27.5,6.94,15.02,17.67,21.05,26.85,30.96,35.32,40.87,42.95,46.83,54.95
4,2,0-6,30,8.49,18.45,21.70,25.37,31.01,35.58,40.21,46.07,48.16,52.57,59.87
4,2,0-6,32.5,10.41,22.29,26.19,30.08,35.26,40.19,44.99,51.29,53.31,58.14,64.60
4,2,0-6,35,13.08,26.25,30.71,34.91,39.91,45.12,50.09,56.44,58.34,63.08,69.34
4,2,0-6,37.5,16.42,30.34,35.38,39.61,44.54,50.00,55.23,61.50,63.24,67.43,73.69
4,2,0-6,40,19.94,34.27,39.54,43.95,48.95,54.61,60.01,66.42,67.90,71.55,77.39
4,2,0-6,42.5,23.88,38.20,43.64,47.97,53.04,58.70,64.30,70.94,72.15,75.54,80.91
4,2,0-6,45,27.84,42.12,47.62,51.85,57.20,62.90,68.60,75.13,76.13,79.01,83.99
4,2,0-6,47.5,31.52,45.89,51.34,55.38,60.78,66.55,72.42,78.73,79.57,82.16,86.70
4,2,0-6,50,35.00,49.53,54.61,58.47,63.96,69.69,75.56,81.75,82.58,84.85,88.85
4,2,0-6,52.5,38.78,53.39,58.16,61.61,66.98,72.57,78.38,84.04,84.93,86.98,90.75
4,2,0-6,55,42.85,57.25,61.50,64.67,69.91,75.30,80.99,85.83,86.81,88.58,92.25
4,2,0-6,57.5,46.86,60.86,64.52,67.43,72.40,77.51,83.06,87.16,88.27,89.90,93.57
4,2,0-6,60,50.78,64.31,67.52,70.21,74.85,79.61,84.83,88.43,89.58,91.04,94.54
4,2,0-6,62.5,55.45,67.70,70.65,73.07,77.41,81.77,86.64,89.57,90.68,92.13,95.45
4,2,0-6,65,60.35,70.89,73.58,75.88,79.95,84.00,88.39,90.75,91.83,93.24,96.23
4,2,0-6,67.5,65.00,73.83,76.33,78.56,82.14,85.98,89.84,91.89,92.90,94.32,96.92
4,2,0-6,70,69.82,76.86,79.17,81.29,84.47,87.94,91.26,93.02,93.95,95.36,97.44
4,2,0-6,72.5,74.63,79.93,81.94,83.86,86.84,89.85,92.65,94.10,94.92,96.25,97.91
4,2,0-6,75,78.82,82.95,84.63,86.33,88.94,91.53,93.86,95.08,95.80,97.10,98.40
4,2,0-6,77.5,82.28,85.81,87.12,88.50,90.81,93.09,94.94,95.95,96.58,97.78,98.81
4,2,0-6,80,85.43,88.46,89.52,90.52,92.56,94.47,95.93,96.74,97.27,98.26,99.15
4,2,0-6,82.5,88.20,90.75,91.58,92.23,94.02,95.68,96.81,97.43,97.84,98.65,99.43
4,2,0-6,85,90.60,92.70,93.41,93.83,95.15,96.69,97.49,97.95,98.30,98.98,99.64
4,2,0-6,87.5,92.39,94.24,94.85,95.17,96.18,97.54,98.08,98.43,98.70,99.17,99.73
4,2,0-6,90,94.02,95.56,96.14,96.44,97.20,98.23,98.61,98.85,99.05,99.35,99.81
4,2,0-6,92.5,95.46,96.71,97.23,97.59,98.18,98.82,99.06,99.21,99.34,99.53,99.84
4,2,0-6,95,96.90,97.88,98.35,98.79,99.09,99.31,99.44,99.53,99.60,99.70,99.88
4,2,0-6,97.5,98.33,99.03,99.42,99.53,99.63,99.74,99.78,99.84,99.86,99.87,99.91
4,2,6-12,2.5,0.26,0.52,0.64,0.73,1.38,1.88,3.69,4.76,6.68,8.18,12.01
4,2,6-12,5,0.71,1.53,2.03,2.49,3.87,4.89,6.87,12.39,15.13,16.97,22.92
4,2,6-12,7.5,1.23,2.57,3.39,4.16,6.25,7.80,10.02,19.39,22.57,24.46,32.38
4,2,6-12,10,1.80,3.73,4.94,5.93,8.64,10.68,13.24,24.92,28.02,29.89,39.56
4,2,6-12,12.5,2.48,4.96,6.51,7.72,10.92,13.43,16.38,28.88,31.48,33.54,45.66
4,2,6-12,15,3.25,6.21,8.14,9.53,13.19,16.15,19.39,31.62,33.81,35.65,49.98
4,2,6-12,17.5,4.12,7.56,9.79,11.40,15.27,18.78,22.29,33.23,35.07,36.92,54.00
4,2,6-12,20,5.10,8.93,11.53,13.39,17.45,21.49,25.13,34.37,36.53,39.09,57.74
4,2,6-12,22.5,6.27,10.33,13.19,15.34,19.73,24.19,27.80,35.90,39.06,42.62,62.57
4,2,6-12,25,7.57,11.82,15.11,17.44,22.18,27.14,30.53,37.88,42.63,46.91,66.71
4,2,6-12,27.5,9.12,13.39,17.06,19.48,24.65,30.07,33.25,40.29,46.53,52.04,70.91
4,2,6-12,30,11.16,15.40,19.39,21.59,27.39,33.10,36.08,43.40,51.19,57.55,74.31
4,2,6-12,32.5,13.37,17.92,22.16,24.35,30.81,36.40,39.34,46.88,55.39,61.68,77.30
4,2,6-12,35,16.02,21.06,25.50,27.76,34.40,39.95,42.91,50.73,59.08,64.91,79.56
4,2,6-12,37.5,18.77,24.74,29.15,31.60,38.70,43.78,46.86,55.10,62.37,67.67,81.33
4,2,6-12,40,21.79,29.24,33.34,36.39,43.87,48.32,51.56,59.94,66.09,70.32,82.48
4,2,6-12,42.5,24.22,33.86,37.68,41.60,49.11,52.98,56.31,64.48,69.22,72.61,83.58
4,2,6-12,45,26.99,38.65,42.09,46.56,53.91,57.54,60.79,68.95,72.52,75.41,84.62
4,2,6-12,47.5,29.42,43.08,46.40,51.31,58.53,61.97,65.13,72.84,75.55,78.08,85.41
4,2,6-12,50,32.80,47.45,50.66,55.74,62.39,65.94,69.14,76.07,78.24,80.55,86.59
4,2,6-12,52.5,36.70,51.35,54.72,59.47,65.42,69.21,72.38,78.60,80.33,82.55,87.91
4,2,6-12,55,41.99,55.19,58.70,63.05,68.45,72.49,75.77,81.18,82.55,84.58,89.20
4,2,6-12,57.5,47.48,58.95,62.59,66.38,71.46,75.68,79.06,83.43,84.58,86.44,90.53
4,2,6-12,60,53.48,63.00,66.32,69.42,74.38,78.68,82.07,85.70,86.73,88.41,92.03
4,2,6-12,62.5,58.75,67.07,70.10,72.60,77.40,81.74,84.75,87.92,88.93,90.36,93.33
4,2,6-12,65,62.98,71.01,73.61,75.70,80.32,84.47,87.19,90.05,91.01,92.25,94.63
4,2,6-12,67.5,65.86,74.59,76.77,78.41,82.92,86.78,89.02,91.64,92.69,93.76,95.81
4,2,6-12,70,68.13,77.52,79.39,80.79,85.15,88.64,90.44,92.97,94.09,95.05,96.89
4,2,6-12,72.5,70.01,79.93,81.67,82.91,87.17,90.23,91.65,94.00,95.18,96.01,97.69
4,2,6-12,75,71.71,81.80,83.43,84.54,88.78,91.46,92.79,94.85,96.00,96.75,98.26
4,2,6-12,77.5,74.12,83.47,85.05,86.00,90.29,92.71,93.94,95.55,96.64,97.31,98.66
4,2,6-12,80,77.06,84.99,86.54,87.43,91.62,93.82,95.05,96.29,97.22,97.81,98.99
4,2,6-12,82.5,80.25,86.79,88.19,88.99,92.86,94.90,96.09,97.03,97.77,98.23,99.23
4,2,6-12,85,83.46,88.57,89.84,90.59,93.95,95.89,97.02,97.74,98.28,98.63,99.43
4,2,6-12,87.5,86.73,90.47,91.55,92.26,95.12,96.80,97.76,98.35,98.73,99.00,99.64
4,2,6-12,90,89.65,92.44,93.31,93.95,96.22,97.61,98.35,98.86,99.14,99.31,99.78
4,2,6-12,92.5,92.47,94.55,95.15,95.68,97.34,98.37,98.88,99.26,99.46,99.57,99.87
4,2,6-12,95,95.28,96.68,97.02,97.42,98.50,99.05,99.38,99.57,99.73,99.81,99.95
4,2,6-12,97.5,98.10,98.91,98.96,99.19,99.73,99.79,99.85,99.90,99.95,100.00,100.00
4,2,12-24,2.5,1.35,1.72,1.95,2.18,3.42,4.87,6.33,7.51,8.92,10.02,13.51
4,2,12-24,5,2.76,3.77,4.08,5.14,7.10,9.98,13.61,17.04,19.31,21.20,25.89
4,2,12-24,7.5,4.23,5.84,6.75,8.03,10.64,15.07,20.58,25.66,28.60,31.17,36.72
4,2,12-24,10,5.58,7.93,9.42,10.99,14.20,19.96,26.66,32.48,35.93,38.93,45.41
4,2,12-24,12.5,6.67,9.87,11.95,13.82,17.63,24.40,31.65,37.36,41.03,44.20,51.91
4,2,12-24,15,7.67,11.76,14.32,16.57,20.94,28.33,35.59,41.27,44.95,48.18,56.83
4,2,12-24,17.5,8.28,13.63,16.61,19.33,24.14,31.73,38.58,44.22,47.74,50.94,60.51
4,2,12-24,20,8.69,15.50,18.83,22.14,27.41,34.68,40.99,46.59,49.93,52.92,64.22
4,2,12-24,22.5,9.33,17.33,20.96,24.91,30.62,37.48,43.37,48.92,51.88,54.90,68.09
4,2,12-24,25,10.22,19.18,23.05,27.71,33.82,40.33,45.87,51.43,54.16,57.26,72.10
4,2,12-24,27.5,11.31,21.19,25.30,30.57,37.03,43.32,48.70,54.30,56.82,59.94,76.37
4,2,12-24,30,12.98,23.36,27.65,33.41,40.28,46.33,51.69,57.27,59.84,63.08,80.26
4,2,12-24,32.5,15.05,25.71,30.21,36.23,43.45,49.40,54.78,60.51,63.31,66.92,83.65
4,2,12-24,35,17.50,28.33,32.92,39.15,46.70,52.50,57.87,63.88,67.24,71.13,86.53
4,2,12-24,37.5,20.55,31.46,36.03,42.26,49.97,55.64,60.99,67.30,71.15,75.36,88.88
4,2,12-24,40,24.17,34.91,39.42,45.30,53.15,58.77,64.10,70.42,74.38,78.92,90.62
4,2,12-24,42.5,28.53,39.04,43.41,48.73,56.43,61.73,67.14,73.44,77.26,81.87,92.14
4,2,12-24,45,33.34,43.47,47.70,52.43,59.83,64.78,70.15,76.20,79.76,84.17,93.29
4,2,12-24,47.5,38.29,47.89,51.97,56.01,63.00,67.83,73.17,78.88,81.88,85.84,94.16
4,2,12-24,50,43.26,52.28,56.17,59.53,66.22,70.82,76.02,81.42,83.89,87.18,94.88
4,2,12-24,52.5,47.82,56.36,60.05,63.07,69.27,73.70,78.68,83.91,86.18,88.78,95.53
4,2,12-24,55,51.54,59.67,63.18,65.99,71.94,76.58,81.24,86.25,88.44,90.48,96.09
4,2,12-24,57.5,54.68,62.55,65.77,68.46,74.24,79.08,83.53,88.49,90.46,92.02,96.73
4,2,12-24,60,57.31,65.17,68.15,70.66,76.34,81.48,85.54,90.48,92.26,93.55,97.44
4,2,12-24,62.5,59.27,67.40,70.14,72.56,77.95,83.37,87.34,92.11,93.68,94.83,98.00
4,2,12-24,65,61.07,69.45,72.02,74.35,79.52,84.96,88.92,93.29,94.70,95.77,98.43
4,2,12-24,67.5,62.68,71.25,73.67,75.99,80.86,86.25,90.16,94.20,95.37,96.35,98.74
4,2,12-24,70,64.25,72.99,75.27,77.58,82.10,87.43,91.18,94.84,95.89,96.83,98.88
4,2,12-24,72.5,65.94,74.71,76.81,79.12,83.17,88.32,92.09,95.30,96.29,97.15,98.90
4,2,12-24,75,68.15,76.46,78.40,80.72,84.34,89.35,92.93,95.76,96.71,97.49,98.95
4,2,12-24,77.5,70.56,78.30,80.00,82.20,85.41,90.39,93.66,96.24,97.10,97.78,99.01
4,2,12-24,80,73.50,80.41,81.89,83.90,86.71,91.55,94.50,96.71,97.50,98.10,99.11
4,2,12-24,82.5,76.74,82.59,83.88,85.65,88.15,92.74,95.35,97.20,97.90,98.39,99.23
4,2,12-24,85,80.17,84.83,85.94,87.59,89.93,93.97,96.15,97.68,98.27,98.68,99.37
4,2,12-24,87.5,83.56,87.40,88.27,89.74,91.90,95.21,96.97,98.16,98.62,98.94,99.50
4,2,12-24,90,87.04,90.09,90.74,92.04,94.02,96.46,97.79,98.63,98.97,99.20,99.64
4,2,12-24,92.5,90.42,92.74,93.24,94.31,95.96,97.57,98.49,99.05,99.27,99.43,99.75
4,2,12-24,95,93.76,95.41,95.76,96.58,97.72,98.57,99.11,99.43,99.56,99.66,99.88
4,2,12-24,97.5,97.11,98.15,98.41,98.79,99.27,99.54,99.70,99.79,99.84,99.88,100.00
4,2,24-72,2.5,0.91,2.04,2.47,3.19,4.63,7.06,9.60,12.54,15.23,17.40,22.26
4,2,24-72,5,1.76,4.10,5.27,7.01,10.03,15.85,23.14,27.61,31.05,33.57,40.43
4,2,24-72,7.5,2.43,5.86,7.67,10.28,14.80,23.25,35.71,41.48,45.35,48.16,56.82
4,2,24-72,10,2.91,7.08,9.43,12.88,18.52,29.29,46.52,53.53,57.48,60.58,70.77
4,2,24-72,12.5,3.26,7.83,10.41,14.60,21.00,33.72,53.70,62.35,66.72,70.15,81.46
4,2,24-72,15,3.41,8.30,11.31,16.10,22.82,36.38,55.38,67.20,72.62,76.00,88.71
4,2,24-72,17.5,3.56,8.63,12.13,17.31,24.16,37.15,56.56,68.67,73.23,77.25,92.00
4,2,24-72,20,3.92,9.28,13.42,18.90,25.49,37.93,57.75,69.65,73.85,78.10,93.32
4,2,24-72,22.5,4.61,10.32,15.14,20.89,27.16,38.52,58.03,69.92,74.46,78.94,93.68
4,2,24-72,25,5.56,11.76,17.46,23.39,29.53,39.56,58.31,70.19,74.59,79.79,94.05
4,2,24-72,27.5,6.87,13.83,20.01,25.95,32.22,41.30,58.58,70.46,74.71,79.93,94.41
4,2,24-72,30,8.52,16.10,22.83,28.80,35.21,43.62,58.86,70.72,74.84,80.08,94.61
4,2,24-72,32.5,10.55,18.47,25.62,31.80,38.51,46.36,59.14,71.00,74.96,80.22,94.80
4,2,24-72,35,12.97,21.47,28.71,34.88,41.94,49.55,59.42,71.26,75.09,80.36,95.00
4,2,24-72,37.5,16.44,25.24,32.05,38.07,45.22,52.59,60.20,71.53,75.22,80.51,95.20
4,2,24-72,40,20.65,29.44,35.61,41.51,48.60,55.66,62.71,71.80,75.34,80.65,95.40
4,2,24-72,42.5,25.57,34.81,39.79,45.06,51.86,58.78,65.76,72.60,76.00,80.80,95.60
4,2,24-72,45,30.79,40.79,44.50,48.79,54.96,61.72,68.71,74.78,78.41,81.50,95.80
4,2,24-72,47.5,36.28,46.56,49.25,52.75,58.05,64.61,71.65,77.43,81.23,83.55,96.00
4,2,24-72,50,40.97,51.58,53.66,56.67,61.44,67.72,74.56,79.93,83.65,85.86,96.23
4,2,24-72,52.5,45.24,55.81,57.60,60.48,64.86,70.79,77.37,82.11,85.73,87.75,97.35
4,2,24-72,55,48.85,59.07,60.94,64.22,68.45,74.07,80.38,84.53,87.82,89.61,97.87
4,2,24-72,57.5,51.93,61.67,63.52,67.48,72.27,77.50,83.45,87.07,89.83,91.38,98.00
4,2,24-72,60,54.36,63.94,65.83,70.38,76.12,81.03,86.45,89.62,91.76,93.14,98.17
4,2,24-72,62.5,56.77,66.36,68.33,73.08,79.46,84.21,89.14,91.94,93.58,94.70,98.29
4,2,24-72,65,58.68,69.11,71.19,75.69,82.56,87.09,91.42,93.96,95.14,96.05,98.40
4,2,24-72,67.5,60.53,71.72,73.88,78.02,85.17,89.38,93.02,95.33,96.21,96.94,98.50
4,2,24-72,70,62.27,74.16,76.59,80.42,87.11,91.03,94.09,96.20,96.91,97.50,98.62
4,2,24-72,72.5,63.76,76.11,78.67,82.15,88.44,92.00,94.65,96.63,97.21,97.75,98.73
4,2,24-72,75,64.96,77.44,80.03,83.46,89.31,92.65,94.93,96.84,97.33,97.89,98.84
4,2,24-72,77.5,66.22,78.10,80.88,84.35,89.75,93.06,95.10,96.98,97.40,97.97,98.92
4,2,24-72,80,66.92,78.26,80.94,84.50,90.05,93.18,95.27,97.16,97.52,98.11,99.03
4,2,24-72,82.5,67.48,78.42,81.00,84.64,90.40,93.36,95.50,97.37,97.70,98.28,99.13
4,2,24-72,85,68.75,78.59,81.20,84.80,90.88,93.59,95.78,97.63,97.98,98.51,99.23
4,2,24-72,87.5,70.59,78.75,82.36,84.94,91.82,94.08,96.21,97.94,98.29,98.74,99.35
4,2,24-72,90,73.48,80.79,84.07,86.27,93.22,94.74,96.74,98.29,98.61,98.99,99.48
4,2,24-72,92.5,78.33,84.77,87.41,89.19,94.87,95.72,97.36,98.68,98.98,99.25,99.61
4,2,24-72,95,84.85,89.89,91.64,93.08,96.62,96.78,97.99,99.11,99.39,99.53,99.76
4,2,24-72,97.5,92.14,95.41,96.14,97.16,98.54,98.61,98.68,99.54,99.80,99.81,99.91
4,2,0-72,2.5,0.69,1.32,1.81,2.25,2.90,3.77,6.16,8.81,9.95,12.04,17.29
4,2,0-72,5,1.46,3.02,3.83,4.74,6.24,9.44,13.76,19.05,21.98,25.50,32.92
4,2,0-72,7.5,2.23,4.71,5.81,7.16,9.54,14.70,20.65,28.23,32.79,37.69,46.97
4,2,0-72,10,2.89,6.31,7.70,9.51,12.70,19.09,26.28,35.37,41.40,47.57,58.90
4,2,0-72,12.5,3.46,7.69,9.43,11.68,15.56,22.55,30.60,40.29,47.38,54.87,68.19
4,2,0-72,15,4.02,9.03,11.12,13.82,18.25,25.46,33.83,43.63,51.23,59.51,74.51
4,2,0-72,17.5,4.44,10.15,12.68,15.77,20.69,27.36,35.95,45.48,53.18,61.51,78.19
4,2,0-72,20,4.95,11.28,14.31,17.81,22.97,29.13,37.77,46.63,54.01,61.98,80.47
4,2,0-72,22.5,5.68,12.58,16.15,20.00,25.33,31.25,39.89,48.07,54.77,62.26,81.76
4,2,0-72,25,6.70,14.32,18.38,22.57,28.12,33.89,42.33,49.92,55.93,62.56,82.62
4,2,0-72,27.5,7.97,16.22,20.81,25.34,31.18,36.86,45.23,52.30,57.61,63.46,83.49
4,2,0-72,30,9.67,18.51,23.49,28.41,34.57,40.42,48.54,55.03,59.74,64.96,84.52
4,2,0-72,32.5,11.80,20.99,26.33,31.53,38.23,44.14,52.01,58.16,62.45,67.19,85.56
4,2,0-72,35,14.38,23.84,29.31,34.68,42.01,47.98,55.60,61.38,65.43,69.64,86.63
4,2,0-72,37.5,17.68,27.20,32.67,37.97,45.75,51.70,59.19,64.74,68.55,72.41,87.59
4,2,0-72,40,21.73,31.25,36.42,41.52,49.50,55.36,62.71,68.14,71.74,75.24,88.74
4,2,0-72,42.5,26.53,36.03,40.79,45.42,53.21,58.85,66.10,71.51,74.88,78.12,90.02
4,2,0-72,45,31.67,41.36,45.49,49.57,56.84,62.27,69.39,74.78,77.84,80.79,91.25
4,2,0-72,47.5,37.05,46.55,50.24,53.85,60.34,65.51,72.29,77.74,80.52,83.26,92.39
4,2,0-72,50,42.18,51.36,54.64,57.94,63.71,68.74,75.13,80.46,82.95,85.44,93.52
4,2,0-72,52.5,46.81,55.47,58.55,61.61,66.77,71.85,77.81,82.89,85.17,87.39,94.45
4,2,0-72,55,50.80,58.90,61.82,64.85,69.72,74.94,80.43,85.25,87.34,89.31,95.19
4,2,0-72,57.5,54.37,61.79,64.80,67.86,72.62,77.97,82.90,87.35,89.32,91.04,95.92
4,2,0-72,60,57.21,64.47,67.61,70.66,75.47,81.03,85.47,89.43,91.21,92.66,96.64
4,2,0-72,62.5,59.64,67.01,70.26,73.19,78.07,83.66,87.66,91.27,92.90,94.09,97.26
4,2,0-72,65,61.85,69.55,72.93,75.68,80.61,85.93,89.51,92.80,94.33,95.29,97.79
4,2,0-72,67.5,63.90,71.82,75.51,77.98,82.94,87.86,91.04,93.93,95.31,96.09,98.20
4,2,0-72,70,65.83,73.96,77.81,80.04,84.91,89.36,92.26,94.83,96.05,96.71,98.46
4,2,0-72,72.5,67.83,75.94,79.78,81.79,86.55,90.42,93.10,95.46,96.51,97.11,98.60
4,2,0-72,75,69.79,77.71,81.50,83.40,88.04,91.43,93.88,95.98,96.86,97.45,98.74
4,2,0-72,77.5,71.75,79.37,82.99,84.80,89.32,92.38,94.60,96.46,97.15,97.74,98.88
4,2,0-72,80,73.34,81.10,84.31,86.06,90.40,93.27,95.27,96.93,97.48,98.05,99.03
4,2,0-72,82.5,74.95,82.89,85.68,87.29,91.48,94.20,95.96,97.38,97.82,98.34,99.18
4,2,0-72,85,76.83,84.71,87.23,88.67,92.55,95.10,96.64,97.82,98.17,98.64,99.35
4,2,0-72,87.5,79.09,86.77,89.04,90.27,93.68,95.98,97.29,98.23,98.51,98.89,99.50
4,2,0-72,90,81.81,89.05,91.04,92.03,94.87,96.88,97.93,98.64,98.86,99.15,99.63
4,2,0-72,92.5,85.64,91.52,93.20,93.96,96.16,97.78,98.56,99.03,99.21,99.39,99.76
4,2,0-72,95,90.20,94.09,95.40,95.96,97.49,98.67,99.18,99.42,99.58,99.62,99.88
4,2,0-72,97.5,95.14,96.84,97.61,97.98,98.85,99.60,99.80,99.82,99.97,99.99,100.00
4,3,0-6,2.5,0.32,0.38,0.54,1.16,1.86,2.66,4.06,4.57,5.47,5.92,7.16
4,3,0-6,5,0.72,1.42,1.78,2.54,4.33,5.64,7.40,8.51,9.52,11.33,13.93
4,3,0-6,7.5,1.13,2.33,2.88,3.87,6.79,8.45,10.50,12.13,13.25,16.05,20.70
4,3,0-6,10,1.55,3.20,3.91,5.17,9.08,11.05,13.46,15.61,16.90,20.31,25.13
4,3,0-6,12.5,1.97,4.04,4.92,6.45,11.17,13.35,15.99,18.60,20.02,23.89,29.96
4,3,0-6,15,2.42,4.89,5.93,7.74,12.92,15.45,18.20,21.30,22.84,26.78,32.26
4,3,0-6,17.5,2.88,5.73,6.91,8.97,14.29,17.05,19.77,23.45,25.16,28.37,34.56
4,3,0-6,20,3.47,6.60,7.86,10.15,15.10,18.26,21.10,25.43,27.29,30.05,36.71
4,3,0-6,22.5,4.03,7.66,9.06,11.40,15.88,19.40,22.12,26.86,28.89,31.31,38.37
4,3,0-6,25,4.65,8.69,10.18,12.71,16.70,20.58,23.10,28.17,30.38,32.46,40.43
4,3,0-6,27.5,5.18,9.74,11.30,14.01,17.65,21.61,24.25,29.33,31.60,33.64,43.14
4,3,0-6,30,5.56,10.91,12.53,15.29,18.63,22.82,25.51,30.46,33.30,35.87,46.31
4,3,0-6,32.5,5.85,12.17,13.85,16.56,20.18,24.48,26.96,31.52,34.91,38.11,49.47
4,3,0-6,35,6.12,13.32,15.11,17.78,21.64,26.18,28.46,32.81,36.83,40.66,52.75
4,3,0-6,37.5,6.38,14.58,16.57,19.03,22.94,28.05,30.40,34.25,38.97,43.41,56.03
4,3,0-6,40,6.00,16.27,18.01,20.36,24.72,30.26,32.11,35.64,41.46,46.90,59.17
4,3,0-6,42.5,6.35,18.44,19.56,21.88,27.02,32.71,34.27,37.43,44.04,50.22,62.26
4,3,0-6,45,8.09,20.91,21.78,24.01,29.41,35.39,37.01,40.00,47.42,54.35,65.25
4,3,0-6,47.5,11.07,24.03,24.56,26.78,32.37,38.51,40.49,43.37,51.05,58.50,68.33
4,3,0-6,50,15.14,27.51,27.55,29.99,36.05,41.86,44.27,47.90,55.80,63.41,71.70
4,3,0-6,52.5,19.63,31.14,31.22,33.73,39.95,45.41,48.77,53.71,61.49,68.22,74.65
4,3,0-6,55,22.96,34.69,35.51,38.21,44.05,49.32,53.49,59.58,67.02,72.97,77.56
4,3,0-6,57.5,24.82,38.51,39.67,42.64,48.40,53.21,58.07,65.07,71.85,76.45,80.10
4,3,0-6,60,25.01,42.09,43.85,47.10,52.95,57.14,62.51,70.11,76.23,79.72,82.59
4,3,0-6,62.5,25.21,45.90,48.31,51.59,57.36,61.00,66.68,74.12,79.38,81.90,84.35
4,3,0-6,65,27.00,49.68,52.70,56.07,61.67,64.83,70.50,76.95,81.18,83.26,86.13
4,3,0-6,67.5,29.44,53.69,57.00,60.33,65.76,68.41,74.04,79.57,82.60,84.07,87.50
4,3,0-6,70,34.95,57.74,61.42,64.54,69.70,71.97,77.31,81.91,83.95,85.22,88.86
4,3,0-6,72.5,42.90,62.43,65.88,68.62,73.39,75.42,80.24,83.99,85.52,86.55,89.94
4,3,0-6,75,51.31,67.25,70.56,72.75,76.93,78.78,82.99,86.00,87.19,88.10,91.33
4,3,0-6,77.5,59.44,72.02,75.00,76.55,80.03,81.80,85.56,88.03,88.95,89.77,92.70
4,3,0-6,80,66.02,76.47,78.82,79.87,83.00,84.73,87.86,89.81,90.68,91.41,94.06
4,3,0-6,82.5,72.12,80.76,82.41,83.08,85.88,87.48,90.10,91.63,92.50,93.13,95.42
4,3,0-6,85,77.09,84.20,85.49,85.98,88.39,89.83,92.28,93.41,94.11,94.60,96.59
4,3,0-6,87.5,81.75,87.30,88.14,88.65,90.78,92.01,94.21,94.98,95.51,95.93,97.55
4,3,0-6,90,85.74,90.20,90.73,91.28,93.11,94.13,95.89,96.38,96.80,97.14,98.35
4,3,0-6,92.5,89.74,93.06,93.46,93.95,95.26,96.05,97.37,97.67,97.93,98.17,99.00
4,3,0-6,95,93.53,95.82,96.14,96.53,97.28,97.87,98.56,98.73,98.85,99.00,99.41
4,3,0-6,97.5,97.32,98.69,98.86,99.12,99.36,99.44,99.51,99.59,99.63,99.73,99.82
4,3,6-12,2.5,0.40,0.78,0.79,0.91,1.25,2.09,2.78,3.10,4.36,4.03,6.07
4,3,6-12,5,0.89,1.87,2.09,2.39,3.07,4.11,5.14,6.80,7.86,8.63,12.17
4,3,6-12,7.5,1.33,2.84,3.27,3.81,4.85,6.05,7.34,10.11,11.08,12.81,17.98
4,3,6-12,10,1.71,3.76,4.40,5.18,6.58,8.02,9.64,13.18,14.48,16.82,23.39
4,3,6-12,12.5,2.06,4.63,5.49,6.51,8.19,9.88,11.72,15.40,17.38,19.96,27.94
4,3,6-12,15,2.36,5.35,6.49,7.76,9.80,11.67,13.80,17.61,20.20,23.12,32.24
4,3,6-12,17.5,2.63,5.95,7.35,8.85,11.24,13.28,15.57,19.66,22.73,26.09,35.68
4,3,6-12,20,2.91,6.52,8.20,9.77,12.49,14.87,17.73,22.05,25.63,29.54,38.80
4,3,6-12,22.5,3.19,7.04,9.05,10.63,13.61,16.25,19.67,24.25,28.05,32.54,41.28
4,3,6-12,25,3.51,7.50,9.85,11.38,14.62,17.55,22.08,27.33,31.23,36.20,43.65
4,3,6-12,27.5,3.81,7.89,10.51,12.02,15.46,18.74,24.26,29.90,34.17,39.36,45.56
4,3,6-12,30,4.12,8.21,11.05,12.51,16.15,19.74,26.48,32.13,36.77,41.78,47.34
4,3,6-12,32.5,4.40,8.58,11.54,13.07,16.82,20.56,27.88,33.83,38.53,43.16,48.75
4,3,6-12,35,4.60,8.84,11.75,13.41,17.29,21.24,28.77,34.92,39.75,43.92,49.78
4,3,6-12,37.5,4.73,9.13,11.82,13.73,17.78,21.77,28.82,35.11,39.99,44.02,50.60
4,3,6-12,40,5.05,9.75,11.99,14.02,18.17,22.19,28.87,35.30,40.23,44.13,50.85
4,3,6-12,42.5,5.34,10.55,12.37,14.60,18.82,22.83,28.92,35.49,40.50,44.23,51.52
4,3,6-12,45,5.77,11.55,13.22,15.52,19.83,23.63,28.97,35.68,40.72,44.34,52.61
4,3,6-12,47.5,6.47,13.04,14.81,17.30,21.68,25.22,29.80,36.00,40.96,44.70,54.94
4,3,6-12,50,7.40,14.79,16.89,19.51,23.96,27.58,31.45,38.26,42.00,46.61,57.89
4,3,6-12,52.5,8.52,16.82,19.63,22.48,27.03,30.70,34.81,41.69,44.84,50.24,62.38
4,3,6-12,55,10.04,19.33,22.73,25.81,30.61,34.67,38.99,45.86,49.14,54.47,66.84
4,3,6-12,57.5,11.69,22.08,25.81,29.24,34.50,39.27,43.65,50.42,53.97,59.25,71.54
4,3,6-12,60,13.66,25.10,28.94,32.52,38.51,43.97,48.43,55.17,59.01,64.10,75.67
4,3,6-12,62.5,15.69,28.62,32.58,36.37,42.91,48.87,53.36,60.11,64.27,69.24,79.58
4,3,6-12,65,17.41,32.33,36.15,40.53,47.52,53.85,58.47,65.04,69.28,73.74,82.60
4,3,6-12,67.5,19.81,36.52,40.32,45.23,52.39,58.53,63.44,69.97,73.98,77.95,85.52
4,3,6-12,70,23.43,41.50,45.28,50.61,57.76,63.39,68.35,74.89,78.37,81.70,87.90
4,3,6-12,72.5,28.15,47.20,51.04,56.68,63.35,68.41,73.21,79.48,82.24,85.04,90.05
4,3,6-12,75,34.31,53.40,57.16,62.81,69.09,73.44,77.91,83.42,85.50,87.70,91.88
4,3,6-12,77.5,42.55,60.31,63.95,68.82,74.69,78.31,82.12,86.75,88.27,90.08,93.56
4,3,6-12,80,51.41,67.32,70.72,74.70,80.01,83.03,85.91,89.44,90.58,92.05,94.94
4,3,6-12,82.5,60.09,73.90,77.05,80.09,84.61,87.09,89.24,91.68,92.54,93.72,96.09
4,3,6-12,85,68.37,79.69,82.52,84.68,88.47,90.41,91.94,93.50,94.20,95.08,97.00
4,3,6-12,87.5,76.15,84.85,87.18,88.60,91.57,93.04,94.09,95.10,95.61,96.27,97.75
4,3,6-12,90,82.65,89.08,90.86,91.89,94.03,95.09,95.83,96.48,96.84,97.28,98.36
4,3,6-12,92.5,88.13,92.48,93.79,94.47,95.95,96.68,97.25,97.67,97.90,98.17,98.87
4,3,6-12,95,92.89,95.41,96.23,96.63,97.59,98.04,98.41,98.64,98.78,98.93,99.37
4,3,6-12,97.5,97.19,98.15,98.46,98.59,99.09,99.28,99.43,99.51,99.58,99.64,99.83
4,3,12-24,2.5,0.34,0.79,1.04,1.23,1.39,1.82,2.16,3.19,4.45,4.02,7.72
4,3,12-24,5,0.87,1.93,2.35,2.70,3.21,4.05,4.97,6.31,7.61,9.07,15.22
4,3,12-24,7.5,1.42,3.10,3.65,4.18,5.03,6.27,7.66,9.37,10.85,13.71,21.98
4,3,12-24,10,1.84,4.11,4.82,5.58,6.83,8.49,10.26,12.32,14.08,18.01,27.76
4,3,12-24,12.5,2.18,5.02,5.94,6.93,8.62,10.66,12.75,15.24,17.28,21.75,32.33
4,3,12-24,15,2.51,5.85,7.03,8.25,10.36,12.82,15.07,18.15,20.29,24.74,35.73
4,3,12-24,17.5,2.83,6.55,8.06,9.48,12.03,14.86,17.26,21.00,23.35,27.27,38.66
4,3,12-24,20,3.10,7.14,8.97,10.57,13.58,16.72,19.39,23.82,26.55,30.09,42.25
4,3,12-24,22.5,3.42,7.76,9.89,11.68,15.06,18.45,21.48,26.49,30.00,33.24,46.54
4,3,12-24,25,3.77,8.33,10.76,12.77,16.58,20.23,23.62,29.20,33.61,36.96,51.87
4,3,12-24,27.5,4.11,8.81,11.57,13.76,18.07,21.90,25.86,31.98,37.33,41.33,58.18
4,3,12-24,30,4.30,9.21,12.30,14.69,19.50,23.59,28.19,34.83,41.07,45.65,64.17
4,3,12-24,32.5,4.56,9.65,12.94,15.59,20.84,25.27,30.53,37.75,44.56,49.70,68.60
4,3,12-24,35,4.76,10.13,13.54,16.42,22.15,26.99,32.59,40.58,47.77,53.51,71.88
4,3,12-24,37.5,4.84,10.54,14.03,17.09,23.14,28.42,34.52,42.99,50.80,56.80,73.95
4,3,12-24,40,4.93,11.04,14.55,17.64,24.10,29.93,36.37,45.32,53.73,59.36,74.64
4,3,12-24,42.5,5.34,11.81,15.22,18.23,24.87,31.01,37.80,47.30,55.68,61.12,75.01
4,3,12-24,45,6.02,12.76,16.14,19.06,25.97,32.27,39.21,48.85,57.06,62.59,75.81
4,3,12-24,47.5,7.35,14.17,17.57,20.47,27.62,33.95,41.19,50.42,57.92,63.50,76.83
4,3,12-24,50,9.19,16.11,19.50,22.48,30.12,36.49,43.78,52.38,58.54,64.41,77.97
4,3,12-24,52.5,11.80,18.94,22.31,25.64,33.53,39.68,47.16,54.96,59.84,66.12,79.97
4,3,12-24,55,15.05,22.39,26.21,30.06,38.30,44.23,51.78,58.57,62.74,69.28,82.27
4,3,12-24,57.5,18.77,26.70,31.10,35.44,43.76,49.54,57.15,63.09,66.68,73.02,84.89
4,3,12-24,60,22.60,31.33,36.40,41.15,49.54,55.13,62.72,68.28,71.46,77.34,87.61
4,3,12-24,62.5,26.52,36.45,42.25,47.37,55.48,60.83,68.10,73.60,76.75,81.93,90.43
4,3,12-24,65,30.10,41.25,47.62,53.12,61.01,66.30,72.91,78.18,81.42,85.86,92.68
4,3,12-24,67.5,33.24,46.10,52.31,58.03,65.70,71.11,76.91,81.91,85.12,88.91,94.69
4,3,12-24,70,36.39,50.55,56.50,62.37,69.73,75.28,80.13,84.72,87.96,91.18,96.16
4,3,12-24,72.5,39.84,55.04,60.55,66.28,73.28,78.87,82.77,86.79,90.09,92.93,97.26
4,3,12-24,75,44.32,59.47,64.37,69.72,76.37,81.71,84.98,88.46,91.54,94.10,97.96
4,3,12-24,77.5,49.80,64.24,68.57,73.16,79.29,84.22,86.91,89.97,92.67,95.05,98.52
4,3,12-24,80,56.39,69.05,72.86,76.68,82.24,86.53,88.78,91.37,93.72,95.83,98.86
4,3,12-24,82.5,63.19,73.80,77.05,80.06,85.10,88.69,90.67,92.96,94.86,96.64,99.12
4,3,12-24,85,69.74,78.28,80.97,83.38,87.75,90.72,92.58,94.57,96.03,97.37,99.34
4,3,12-24,87.5,75.62,82.54,84.67,86.57,90.20,92.72,94.39,95.99,97.11,98.04,99.55
4,3,12-24,90,80.91,86.42,88.02,89.60,92.46,94.51,96.01,97.21,98.07,98.63,99.71
4,3,12-24,92.5,85.61,90.03,91.31,92.58,94.59,96.13,97.36,98.24,98.84,99.12,99.83
4,3,12-24,95,90.17,93.62,94.60,95.54,96.77,97.65,98.48,99.02,99.40,99.54,99.93
4,3,12-24,97.5,94.84,97.20,97.90,98.50,98.95,99.09,99.44,99.66,99.80,99.87,99.98
4,3,24-72,2.5,1.04,1.74,1.79,1.86,2.46,3.78,4.85,6.97,8.34,10.36,16.44
4,3,24-72,5,1.91,3.28,3.99,4.58,5.74,7.82,9.70,13.81,17.58,22.87,31.76
4,3,24-72,7.5,2.71,4.69,6.07,7.07,8.71,11.76,14.28,19.99,25.81,33.89,45.76
4,3,24-72,10,3.48,6.03,7.90,9.14,11.27,15.48,18.67,26.06,33.32,43.22,57.84
4,3,24-72,12.5,4.14,7.23,9.36,10.74,13.32,18.68,22.56,31.54,39.47,50.11,67.11
4,3,24-72,15,4.71,8.30,10.50,11.96,14.94,21.29,25.83,35.96,44.21,54.51,73.46
4,3,24-72,17.5,5.19,9.13,11.32,12.84,16.27,23.32,28.41,39.42,48.12,57.88,77.43
4,3,24-72,20,5.61,9.83,12.00,13.64,17.52,24.82,30.42,42.33,51.41,60.31,79.49
4,3,24-72,22.5,5.96,10.37,12.51,14.31,18.62,25.77,31.49,43.25,52.56,61.23,79.90
4,3,24-72,25,6.34,10.83,13.06,14.97,19.77,26.65,32.23,43.51,52.63,61.60,79.98
4,3,24-72,27.5,6.73,11.21,13.63,15.66,20.91,27.45,32.79,43.76,52.70,61.70,80.06
4,3,24-72,30,7.12,11.66,14.27,16.41,22.05,28.29,33.45,44.00,52.76,61.78,80.14
4,3,24-72,32.5,7.52,12.12,14.74,16.98,23.04,29.04,34.26,44.28,52.83,61.85,80.22
4,3,24-72,35,7.89,12.62,15.40,17.81,24.09,30.04,35.60,44.54,52.90,61.92,80.30
4,3,24-72,37.5,8.24,13.08,15.89,18.47,24.90,30.95,36.84,44.80,52.97,62.00,80.38
4,3,24-72,40,8.62,13.57,16.47,19.20,25.67,31.74,37.95,45.05,53.04,62.08,80.46
4,3,24-72,42.5,8.90,14.24,17.20,20.04,26.47,32.47,38.86,45.31,53.10,62.15,80.54
4,3,24-72,45,9.32,15.46,18.62,21.61,27.70,33.71,39.92,46.00,53.17,62.22,80.62
4,3,24-72,47.5,9.96,17.65,20.81,23.76,29.57,35.49,41.36,47.73,54.00,62.80,80.70
4,3,24-72,50,11.13,20.93,24.21,27.02,32.44,38.22,44.07,50.79,56.04,64.72,80.78
4,3,24-72,52.5,12.56,25.06,28.42,31.02,36.59,42.34,48.04,54.99,59.95,67.69,81.00
4,3,24-72,55,14.40,29.06,32.78,35.41,41.15,47.25,52.96,60.36,65.04,71.42,82.98
4,3,24-72,57.5,16.46,32.78,36.79,39.62,45.73,52.35,58.31,65.99,70.54,75.12,85.32
4,3,24-72,60,18.94,35.75,40.22,43.41,50.08,57.16,63.44,71.12,75.60,78.87,88.04
4,3,24-72,62.5,21.04,38.01,42.99,46.72,54.04,61.55,67.74,75.48,79.69,82.10,90.54
4,3,24-72,65,23.31,39.67,45.24,49.58,56.99,64.99,71.26,78.98,82.70,84.71,92.71
4,3,24-72,67.5,25.38,42.09,47.80,52.37,59.85,68.02,74.36,81.67,84.95,86.78,94.42
4,3,24-72,70,27.36,44.51,50.57,55.15,62.71,70.65,76.91,83.82,86.56,88.65,95.89
4,3,24-72,72.5,29.07,47.16,53.56,57.97,65.64,73.30,79.25,85.64,87.90,90.40,96.83
4,3,24-72,75,31.33,50.05,56.71,60.79,68.58,75.73,81.35,87.15,89.21,91.97,97.47
4,3,24-72,77.5,33.88,53.47,60.17,64.09,71.77,78.21,83.44,88.49,90.52,93.38,97.84
4,3,24-72,80,37.45,56.82,63.68,67.55,75.04,80.54,85.33,89.79,91.70,94.44,98.06
4,3,24-72,82.5,42.39,61.02,67.59,71.36,78.39,82.99,87.38,91.10,92.89,95.32,98.14
4,3,24-72,85,48.76,65.80,71.81,75.52,81.72,85.38,89.52,92.62,94.18,96.08,98.31
4,3,24-72,87.5,56.23,71.18,76.37,79.93,85.07,87.87,91.76,94.25,95.47,96.83,98.56
4,3,24-72,90,64.67,76.93,81.16,84.27,88.43,90.39,93.73,95.78,96.66,97.55,98.86
4,3,24-72,92.5,73.59,83.08,86.15,88.68,91.80,93.03,95.60,97.09,97.69,98.23,99.17
4,3,24-72,95,82.25,89.24,91.19,92.99,95.16,95.69,97.32,98.25,98.60,99.00,99.55
4,3,24-72,97.5,90.85,95.55,96.31,97.27,98.52,98.70,98.89,99.25,99.44,99.76,99.92
4,3,0-72,2.5,0.63,1.21,1.52,1.78,1.89,2.46,3.44,5.02,6.08,7.56,12.53
4,3,0-72,5,1.43,2.56,3.10,3.59,4.55,5.82,7.63,10.15,11.95,15.25,26.43
4,3,0-72,7.5,2.18,3.85,4.62,5.33,6.99,8.88,11.60,14.94,17.36,22.17,38.98
4,3,0-72,10,2.95,5.12,6.13,7.05,9.14,11.65,15.22,19.35,22.43,28.29,49.41
4,3,0-72,12.5,3.55,6.23,7.53,8.63,10.96,13.97,18.20,23.07,26.58,32.94,57.12
4,3,0-72,15,4.00,7.20,8.74,10.00,12.53,15.94,20.70,26.16,29.90,36.41,61.90
4,3,0-72,17.5,4.37,8.01,9.74,11.12,13.85,17.55,22.75,28.43,32.37,38.98,64.91
4,3,0-72,20,4.67,8.72,10.58,12.12,15.15,19.12,24.49,30.41,34.48,41.04,66.49
4,3,0-72,22.5,4.86,9.29,11.26,12.96,16.33,20.48,25.93,31.84,35.74,42.31,67.34
4,3,0-72,25,5.16,9.85,11.83,13.71,17.55,21.92,27.49,33.27,37.02,43.80,68.15
4,3,0-72,27.5,5.58,10.39,12.42,14.49,18.78,23.34,29.00,34.62,38.23,45.17,69.24
4,3,0-72,30,5.89,10.89,12.93,15.27,19.96,24.74,30.47,36.03,39.55,46.39,70.23
4,3,0-72,32.5,6.22,11.34,13.42,15.94,21.04,25.98,31.85,37.26,40.72,47.58,71.24
4,3,0-72,35,6.47,11.76,13.93,16.66,22.14,27.32,33.28,38.67,42.26,49.13,72.13
4,3,0-72,37.5,6.63,12.13,14.40,17.28,22.99,28.34,34.47,39.91,43.74,50.57,72.80
4,3,0-72,40,6.73,12.51,14.91,17.85,23.70,29.23,35.57,41.13,45.22,52.00,73.63
4,3,0-72,42.5,6.99,13.05,15.60,18.53,24.40,30.10,36.53,42.17,46.46,53.21,74.40
4,3,0-72,45,7.48,14.04,16.71,19.72,25.48,31.34,37.72,43.59,48.00,54.63,75.27
4,3,0-72,47.5,8.49,15.77,18.63,21.61,27.28,33.09,39.50,45.53,49.95,56.40,76.41
4,3,0-72,50,9.88,18.19,21.34,24.43,30.04,35.86,42.19,48.37,52.72,58.94,77.89
4,3,0-72,52.5,11.75,21.36,24.66,27.94,33.76,39.68,45.90,52.21,56.49,62.53,79.59
4,3,0-72,55,13.94,24.82,28.53,32.00,38.26,44.31,50.51,57.16,61.29,67.15,81.70
4,3,0-72,57.5,16.27,28.47,32.69,36.43,43.02,49.32,55.60,62.45,66.54,72.14,84.07
4,3,0-72,60,18.77,31.98,36.68,40.78,47.65,54.33,60.59,67.62,71.51,76.72,86.62
4,3,0-72,62.5,21.27,35.54,40.53,44.86,52.11,59.15,65.33,72.35,75.95,80.64,89.18
4,3,0-72,65,23.77,38.86,44.26,48.81,56.18,63.45,69.51,76.32,79.61,83.60,91.42
4,3,0-72,67.5,26.47,42.63,48.03,52.78,60.05,67.38,73.33,79.59,82.61,85.97,93.35
4,3,0-72,70,29.45,46.50,51.79,56.60,63.83,70.94,76.69,82.31,85.00,87.81,94.91
4,3,0-72,72.5,32.55,50.68,55.67,60.48,67.54,74.28,79.79,84.67,87.07,89.50,96.04
4,3,0-72,75,36.54,55.04,59.68,64.46,71.22,77.35,82.47,86.64,88.83,91.02,96.83
4,3,0-72,77.5,41.40,59.82,63.96,68.49,74.93,80.36,84.97,88.50,90.44,92.50,97.43
4,3,0-72,80,46.85,64.54,68.20,72.49,78.51,83.23,87.23,90.14,91.82,93.70,97.81
4,3,0-72,82.5,53.06,69.43,72.56,76.45,81.92,86.02,89.38,91.79,93.19,94.82,98.09
4,3,0-72,85,59.93,74.24,76.88,80.27,85.14,88.65,91.42,93.38,94.54,95.87,98.38
4,3,0-72,87.5,66.90,78.92,81.14,83.97,88.10,91.12,93.41,94.96,95.85,96.84,98.69
4,3,0-72,90,73.81,83.40,85.26,87.59,90.83,93.29,95.15,96.34,96.99,97.68,99.01
4,3,0-72,92.5,80.85,87.78,89.38,91.12,93.47,95.27,96.68,97.56,97.99,98.42,99.39
4,3,0-72,95,87.62,92.00,93.39,94.59,96.12,97.13,98.03,98.58,98.82,99.07,99.85
4,3,0-72,97.5,94.33,96.19,97.39,98.05,98.75,98.89,99.25,99.47,99.55,99.65,100.00
4,4,0-6,2.5,,0.15,0.42,1.06,1.30,1.39,2.08,2.35,2.61,2.64,
4,4,0-6,5,,0.50,0.99,1.78,2.75,4.28,5.46,6.25,6.61,6.93,
4,4,0-6,7.5,,0.86,1.55,2.50,4.07,6.75,8.59,10.16,10.60,11.21,
4,4,0-6,10,,1.21,2.12,3.22,5.17,8.92,11.27,14.06,14.60,15.50,
4,4,0-6,12.5,,1.61,2.59,3.83,6.04,10.54,13.47,17.52,18.30,18.80,
4,4,0-6,15,,2.02,3.06,4.44,6.91,12.16,15.67,20.97,22.01,22.10,
4,4,0-6,17.5,,2.42,3.53,5.06,7.72,13.51,17.45,23.94,25.19,25.40,
4,4,0-6,20,,2.83,3.88,5.52,8.50,14.62,19.00,25.98,27.54,28.70,
4,4,0-6,22.5,,3.23,4.24,5.98,9.10,15.53,20.04,28.01,29.88,32.00,
4,4,0-6,25,,3.63,4.49,6.27,9.67,16.65,21.18,29.60,31.58,34.00,
4,4,0-6,27.5,,3.95,4.78,6.66,10.21,17.66,22.22,30.36,32.51,35.13,
4,4,0-6,30,,4.26,5.06,7.06,10.89,18.60,23.26,31.13,33.43,36.25,
4,4,0-6,32.5,,4.58,5.35,7.45,11.52,19.52,24.25,31.89,34.36,37.38,
4,4,0-6,35,,4.90,5.54,7.87,12.30,20.41,25.22,32.15,34.80,38.58,
4,4,0-6,37.5,,5.21,5.72,8.29,13.08,21.30,26.18,32.41,35.23,39.77,
4,4,0-6,40,,5.53,5.98,8.69,13.92,22.01,26.94,32.65,35.64,40.97,
4,4,0-6,42.5,,5.84,6.24,9.10,14.76,22.78,27.70,32.89,36.04,42.16,
4,4,0-6,45,,6.16,6.50,9.50,15.60,23.55,28.46,33.13,36.45,43.36,
4,4,0-6,47.5,,6.72,7.10,10.24,16.36,24.89,28.94,33.66,37.14,44.52,
4,4,0-6,50,,7.28,8.00,10.98,17.12,25.51,29.43,34.20,37.83,45.69,
4,4,0-6,52.5,,7.94,8.16,12.12,18.18,26.22,30.14,34.60,38.61,46.86,
4,4,0-6,55,,8.61,8.68,12.90,19.01,26.63,30.49,34.80,38.97,48.02,
4,4,0-6,57.5,,9.65,10.34,14.39,19.80,26.70,30.78,35.50,39.74,49.28,
4,4,0-6,60,,10.69,12.01,15.88,21.01,27.00,31.37,36.20,40.52,50.54,
4,4,0-6,62.5,,11.73,14.15,17.93,22.80,28.15,32.61,37.75,41.98,51.80,
4,4,0-6,65,,13.38,16.35,20.06,24.18,29.41,33.58,39.38,43.60,53.74,
4,4,0-6,67.5,,15.02,18.55,22.19,26.27,31.70,35.64,41.02,45.21,55.68,
4,4,0-6,70,,17.33,21.17,24.62,29.21,35.06,38.73,43.55,47.67,58.27,
4,4,0-6,72.5,,19.47,24.22,27.44,32.59,38.95,42.60,47.27,51.24,61.23,
4,4,0-6,75,,21.95,27.24,30.36,36.19,43.21,47.31,52.26,56.08,65.01,
4,4,0-6,77.5,,23.90,30.74,33.81,41.00,48.68,53.16,57.84,61.73,69.42,
4,4,0-6,80,,26.13,34.50,37.75,46.37,54.47,59.29,63.96,67.73,73.72,
4,4,0-6,82.5,,28.99,39.04,42.45,52.20,60.56,65.54,70.33,73.82,78.82,
4,4,0-6,85,,34.91,44.78,48.36,58.12,66.65,72.11,76.46,79.90,84.05,
4,4,0-6,87.5,,43.08,52.34,55.85,64.81,72.96,77.99,82.37,85.52,89.01,
4,4,0-6,90,,54.07,61.20,64.27,71.97,79.31,83.92,87.64,90.17,92.99,
4,4,0-6,92.5,,66.56,71.36,73.59,79.37,85.38,89.19,91.85,93.70,96.37,
4,4,0-6,95,,79.99,82.48,83.79,86.93,91.02,93.77,95.54,96.80,98.46,
4,4,0-6,97.5,,92.85,93.93,94.25,95.04,96.74,97.86,98.64,99.13,99.68,
4,4,6-12,2.5,0.43,0.78,0.95,1.11,1.96,3.28,3.91,5.87,7.73,8.61,11.61
4,4,6-12,5,0.96,2.10,2.49,2.90,4.58,6.81,9.10,11.95,13.82,14.80,18.19
4,4,6-12,7.5,1.61,3.45,4.05,4.70,7.19,10.38,13.94,17.32,19.01,20.12,23.93
4,4,6-12,10,2.26,4.89,5.79,6.75,9.96,14.00,18.20,21.63,23.06,24.44,28.74
4,4,6-12,12.5,2.95,6.32,7.47,8.86,12.78,17.58,21.93,25.10,26.35,27.98,32.64
4,4,6-12,15,3.66,7.81,9.27,11.11,15.75,20.91,25.08,28.04,29.23,31.01,35.59
4,4,6-12,17.5,4.20,9.13,11.14,13.30,18.38,23.69,27.45,30.20,31.54,33.46,38.16
4,4,6-12,20,4.63,10.71,13.26,15.72,21.20,26.13,29.56,32.33,34.04,35.99,40.34
4,4,6-12,22.5,5.06,11.93,14.92,17.57,23.60,28.10,31.33,34.39,36.69,38.47,42.24
4,4,6-12,25,5.42,13.21,16.76,19.47,25.80,29.64,32.74,36.15,38.86,40.49,43.52
4,4,6-12,27.5,5.65,14.25,18.56,21.19,27.10,30.77,33.93,37.71,40.60,42.09,44.52
4,4,6-12,30,5.85,15.10,19.88,22.40,28.13,31.51,34.80,39.02,41.97,43.30,45.22
4,4,6-12,32.5,6.09,15.49,20.77,23.11,28.51,31.91,35.43,39.94,42.93,44.16,45.84
4,4,6-12,35,6.35,16.00,21.83,23.90,28.59,32.16,36.10,40.78,43.44,44.53,46.32
4,4,6-12,37.5,6.59,16.07,22.22,24.05,28.67,32.27,36.50,41.20,43.69,44.74,47.39
4,4,6-12,40,6.92,16.13,22.37,24.22,28.76,32.38,36.86,41.35,43.83,44.85,48.80
4,4,6-12,42.5,6.94,16.31,22.52,24.39,28.84,32.49,37.10,41.44,43.91,44.92,50.40
4,4,6-12,45,7.31,16.49,22.68,24.56,28.92,32.60,37.17,41.45,43.99,44.99,52.51
4,4,6-12,47.5,7.68,16.68,22.83,24.74,29.00,32.71,37.51,41.58,44.06,45.06,55.05
4,4,6-12,50,8.05,16.86,22.98,24.91,29.09,32.82,37.84,41.70,44.14,45.13,57.66
4,4,6-12,52.5,8.42,17.04,23.13,25.08,29.18,32.93,38.18,41.83,44.22,45.86,60.26
4,4,6-12,55,8.79,17.22,23.29,25.25,29.26,33.04,38.52,41.95,44.30,46.73,62.62
4,4,6-12,57.5,9.16,17.40,23.44,25.42,29.34,33.70,38.86,42.70,45.14,48.13,65.26
4,4,6-12,60,9.53,17.58,23.59,25.60,29.43,34.51,39.19,43.23,46.88,50.32,67.91
4,4,6-12,62.5,9.90,17.77,23.74,25.76,29.51,36.14,40.00,44.57,48.60,52.62,70.48
4,4,6-12,65,10.27,17.95,23.90,25.94,30.90,38.06,42.01,46.22,50.46,54.93,72.96
4,4,6-12,67.5,10.64,19.50,24.05,26.11,33.28,40.27,44.33,48.29,52.83,57.73,75.95
4,4,6-12,70,11.01,21.37,25.00,27.20,36.55,43.02,46.88,50.94,55.73,60.85,78.91
4,4,6-12,72.5,12.50,25.56,28.31,30.48,40.42,46.09,49.60,53.91,58.71,63.88,81.72
4,4,6-12,75,16.23,30.25,33.02,35.06,44.75,49.94,52.96,57.63,62.47,67.23,84.35
4,4,6-12,77.5,21.71,35.37,38.05,40.39,49.92,54.29,56.80,62.00,66.57,71.06,87.08
4,4,6-12,80,27.03,40.50,42.90,45.73,55.47,59.74,62.13,67.29,71.40,75.05,89.34
4,4,6-12,82.5,31.18,45.59,48.07,51.73,61.08,65.93,68.37,73.21,76.62,79.17,91.40
4,4,6-12,85,34.32,50.14,52.87,57.79,66.87,72.69,75.17,79.20,82.03,83.73,93.35
4,4,6-12,87.5,38.22,55.59,58.49,64.52,73.01,79.21,81.60,84.91,86.98,88.05,95.20
4,4,6-12,90,43.40,61.88,65.08,71.39,79.07,85.28,87.49,89.94,91.46,91.78,96.60
4,4,6-12,92.5,52.04,69.74,73.07,78.53,85.16,90.46,92.13,93.82,94.86,94.99,97.86
4,4,6-12,95,64.33,79.17,82.15,85.56,91.29,94.79,95.79,96.64,97.33,97.49,98.87
4,4,6-12,97.5,79.39,89.96,92.17,92.66,97.41,98.40,98.73,98.92,99.13,99.20,99.76
4,4,12-24,2.5,0.35,0.98,0.97,1.36,2.12,2.60,3.90,4.69,5.64,7.30,10.07
4,4,12-24,5,0.65,1.65,1.79,2.26,3.24,3.99,5.44,8.23,9.52,11.62,14.12
4,4,12-24,7.5,0.86,2.20,2.58,3.14,4.33,5.35,6.81,10.96,12.70,15.06,17.92
4,4,12-24,10,1.12,2.80,3.38,4.00,5.31,6.51,8.01,12.93,15.18,17.67,21.00
4,4,12-24,12.5,1.27,3.34,4.01,4.69,6.09,7.49,9.08,13.96,16.70,19.32,23.60
4,4,12-24,15,1.67,4.01,4.77,5.45,7.11,8.55,10.12,14.29,17.64,20.22,26.01
4,4,12-24,17.5,2.02,4.70,5.76,6.56,8.40,9.90,11.56,15.02,18.71,21.21,28.29
4,4,12-24,20,2.48,5.51,7.05,7.96,9.81,11.55,13.44,16.34,20.07,22.64,30.51
4,4,12-24,22.5,2.68,6.22,8.26,9.61,11.49,13.55,15.75,18.34,21.80,24.52,32.87
4,4,12-24,25,2.71,7.07,9.57,11.34,13.57,15.83,18.35,21.13,24.27,27.05,35.26
4,4,12-24,27.5,2.74,7.68,10.44,12.84,15.41,18.17,21.01,24.36,27.07,30.08,37.60
4,4,12-24,30,2.80,8.26,10.60,14.01,16.94,20.31,23.34,27.36,29.84,32.96,40.04
4,4,12-24,32.5,2.91,8.81,10.77,14.87,18.41,22.17,25.38,30.14,32.66,35.82,42.47
4,4,12-24,35,3.43,9.51,10.93,15.39,19.66,23.81,27.13,32.37,35.19,38.36,44.44
4,4,12-24,37.5,4.22,10.13,11.34,16.04,20.80,25.42,28.82,34.28,37.43,40.56,46.37
4,4,12-24,40,5.44,11.03,12.37,16.92,22.04,27.01,30.42,35.93,39.39,42.31,48.17
4,4,12-24,42.5,6.70,12.15,13.72,17.99,23.34,28.66,32.03,37.46,41.07,43.90,49.72
4,4,12-24,45,8.16,13.43,15.60,19.11,24.65,30.40,33.70,39.04,42.54,45.32,51.09
4,4,12-24,47.5,9.58,14.69,17.44,20.28,26.00,32.24,35.47,40.66,43.98,46.79,52.66
4,4,12-24,50,10.96,16.08,19.06,21.43,27.31,34.19,37.22,42.23,45.25,48.22,54.00
4,4,12-24,52.5,12.38,17.53,20.57,22.74,28.81,36.33,39.06,43.74,46.56,49.72,55.71
4,4,12-24,55,13.71,18.82,21.89,23.79,30.27,37.88,40.46,45.07,47.72,51.06,57.16
4,4,12-24,57.5,15.06,20.13,23.14,24.92,31.84,39.13,41.66,46.30,48.94,52.37,59.36
4,4,12-24,60,16.20,21.46,24.39,26.10,33.36,39.94,42.42,47.21,49.98,53.45,61.24
4,4,12-24,62.5,17.40,22.79,25.68,27.62,34.94,40.53,43.14,48.04,51.12,54.57,64.21
4,4,12-24,65,18.16,23.94,26.92,29.15,36.27,40.85,43.81,48.91,52.22,55.46,67.18
4,4,12-24,67.5,18.99,25.26,28.42,31.13,37.95,41.87,45.17,50.03,53.63,56.68,71.21
4,4,12-24,70,19.26,26.44,29.84,33.09,39.59,43.44,46.95,51.40,55.14,58.09,74.36
4,4,12-24,72.5,19.52,27.63,31.56,35.37,41.63,45.76,49.66,53.82,57.67,60.76,78.59
4,4,12-24,75,19.85,28.57,33.22,37.69,43.48,48.02,52.50,56.72,60.54,63.87,81.49
4,4,12-24,77.5,20.18,29.84,35.17,40.52,45.54,50.62,55.67,60.22,64.03,67.93,84.55
4,4,12-24,80,20.94,31.58,37.58,43.56,48.14,53.74,59.20,64.29,67.97,72.28,86.62
4,4,12-24,82.5,22.45,34.03,40.78,47.63,51.87,57.60,63.39,68.91,72.45,77.09,89.03
4,4,12-24,85,24.97,37.20,44.67,52.31,56.64,62.33,68.05,73.64,76.78,81.08,90.65
4,4,12-24,87.5,29.44,42.76,50.56,58.40,63.26,68.71,73.84,78.80,81.43,85.05,92.71
4,4,12-24,90,36.14,50.28,58.00,65.51,71.26,75.99,80.10,84.12,86.04,88.74,94.32
4,4,12-24,92.5,46.13,59.57,66.81,73.64,79.37,83.17,86.22,89.13,90.43,92.27,96.08
4,4,12-24,95,59.21,70.64,76.79,82.22,87.29,90.06,91.97,93.74,94.49,95.49,97.63
4,4,12-24,97.5,74.47,83.29,87.75,91.48,95.15,96.69,97.45,98.15,98.38,98.78,99.21
4,4,24-72,2.5,0.59,1.02,1.45,1.74,2.23,3.39,5.06,7.94,9.92,11.78,14.89
4,4,24-72,5,1.05,1.87,2.82,3.29,4.52,6.33,9.14,12.90,16.46,18.70,21.56
4,4,24-72,7.5,1.50,3.10,4.14,4.78,6.61,9.07,12.81,17.08,21.84,24.25,26.78
4,4,24-72,10,1.93,4.28,5.44,6.23,8.43,11.40,15.82,20.26,25.63,28.13,30.62
4,4,24-72,12.5,2.31,5.41,6.70,7.63,10.03,13.24,18.03,22.36,27.75,30.40,33.16
4,4,24-72,15,2.84,6.48,7.91,8.95,11.56,15.04,20.00,24.05,28.89,31.59,34.82
4,4,24-72,17.5,3.57,7.47,9.02,10.15,12.94,16.72,21.66,25.49,29.65,32.18,36.20
4,4,24-72,20,4.47,8.54,10.17,11.39,14.41,18.36,23.33,27.18,30.55,33.07,37.86
4,4,24-72,22.5,5.52,9.72,11.39,12.68,15.92,19.97,24.87,28.86,31.75,34.32,39.63
4,4,24-72,25,6.77,11.15,12.75,14.07,17.50,21.68,26.52,30.85,33.50,35.92,41.30
4,4,24-72,27.5,8.19,12.84,14.32,15.64,19.01,23.32,28.09,32.84,35.42,37.68,42.83
4,4,24-72,30,9.50,14.74,16.13,17.36,20.58,24.99,29.66,34.87,37.37,39.45,44.33
4,4,24-72,32.5,10.74,16.86,18.09,19.13,22.18,26.63,31.12,36.63,39.19,41.05,45.83
4,4,24-72,35,11.78,18.65,19.79,20.90,23.78,28.25,32.66,38.25,40.68,42.40,47.26
4,4,24-72,37.5,12.69,19.95,21.14,22.48,25.30,29.74,34.18,39.54,41.75,43.50,48.61
4,4,24-72,40,13.29,20.97,22.27,23.87,26.86,31.26,35.65,40.79,42.74,44.51,49.92
4,4,24-72,42.5,13.70,21.58,23.11,25.06,28.31,32.73,37.05,41.83,43.66,45.43,51.27
4,4,24-72,45,13.80,21.85,23.71,26.12,29.72,34.24,38.49,42.91,44.49,46.27,52.54
4,4,24-72,47.5,13.85,22.31,24.43,27.02,31.09,35.77,39.93,44.03,45.53,47.18,53.67
4,4,24-72,50,13.90,22.92,25.24,27.85,32.44,37.35,41.40,45.22,46.65,48.07,54.89
4,4,24-72,52.5,14.24,23.56,26.15,28.69,33.78,38.83,42.94,46.40,47.68,48.95,56.03
4,4,24-72,55,14.88,24.55,27.27,29.63,35.25,40.33,44.46,47.69,48.77,49.95,56.94
4,4,24-72,57.5,15.89,25.35,28.27,30.42,36.47,41.63,45.80,49.07,50.10,51.22,58.05
4,4,24-72,60,17.21,26.26,29.48,31.29,37.58,42.88,47.12,50.54,51.51,52.74,59.33
4,4,24-72,62.5,18.58,27.27,30.78,32.43,38.71,44.01,48.35,51.96,53.05,54.39,61.08
4,4,24-72,65,19.74,28.17,31.91,33.71,39.88,45.03,49.44,53.39,54.73,56.12,63.24
4,4,24-72,67.5,21.06,28.95,33.04,35.11,41.01,46.15,50.62,54.88,56.43,57.89,65.91
4,4,24-72,70,22.59,30.17,34.40,36.94,42.51,47.63,52.01,56.33,58.04,59.59,68.73
4,4,24-72,72.5,24.62,31.67,35.91,39.06,44.24,49.39,53.75,57.99,59.84,61.37,71.72
4,4,24-72,75,26.98,33.96,38.12,41.61,46.62,51.88,56.20,60.35,62.26,63.80,74.22
4,4,24-72,77.5,29.58,37.07,41.12,44.71,49.53,55.20,59.36,63.43,65.34,66.96,76.99
4,4,24-72,80,32.55,40.97,44.66,48.25,53.16,59.07,63.21,67.23,69.22,70.98,80.10
4,4,24-72,82.5,35.97,45.72,49.10,52.41,57.42,63.55,67.85,71.87,73.93,75.80,83.49
4,4,24-72,85,39.68,51.10,54.19,57.17,62.52,68.54,72.98,77.02,79.12,81.01,87.05
4,4,24-72,87.5,44.87,57.06,59.93,62.61,68.08,73.75,78.22,82.18,84.21,86.01,90.83
4,4,24-72,90,52.10,63.89,66.42,68.76,74.05,79.14,83.42,86.99,88.84,90.47,94.17
4,4,24-72,92.5,61.10,71.78,73.97,75.94,80.30,84.66,88.46,91.33,92.77,94.05,96.66
4,4,24-72,95,71.73,80.45,82.29,83.86,86.54,89.97,93.15,95.06,95.97,96.76,98.39
4,4,24-72,97.5,83.82,89.84,91.23,92.39,92.81,95.28,97.53,98.35,98.63,98.95,99.61
4,4,0-72,2.5,0.44,0.84,1.20,1.64,1.69,2.29,4.07,6.12,7.47,9.01,13.28
4,4,0-72,5,0.95,1.78,2.39,2.93,3.95,4.91,8.14,10.99,12.86,14.66,19.86
4,4,0-72,7.5,1.37,2.66,3.53,4.18,5.98,7.33,11.75,15.26,17.48,19.41,25.15
4,4,0-72,10,1.74,3.57,4.66,5.45,7.72,9.52,14.79,18.70,21.18,23.17,29.03
4,4,0-72,12.5,1.99,4.40,5.74,6.60,9.15,11.45,17.11,21.26,23.86,25.97,31.61
4,4,0-72,15,2.45,5.30,6.79,7.68,10.50,13.35,18.83,23.19,25.76,28.02,33.32
4,4,0-72,17.5,2.90,6.28,7.82,8.82,11.79,15.15,20.28,24.71,27.23,29.62,34.80
4,4,0-72,20,3.51,7.41,9.00,10.11,13.29,17.02,21.85,26.23,28.76,31.35,36.59
4,4,0-72,22.5,4.17,8.44,10.26,11.48,14.89,18.78,23.47,27.85,30.33,33.10,38.57
4,4,0-72,25,5.02,9.60,11.76,13.14,16.69,20.54,25.42,29.73,32.21,34.84,40.53
4,4,0-72,27.5,5.74,10.65,13.32,14.97,18.56,22.23,27.54,31.71,34.32,36.62,42.31
4,4,0-72,30,6.48,11.61,14.94,16.83,20.37,23.98,29.37,33.63,36.38,38.29,43.75
4,4,0-72,32.5,7.18,12.47,16.37,18.61,22.03,25.59,30.96,35.42,38.26,39.81,44.97
4,4,0-72,35,7.89,13.35,17.67,20.13,23.51,27.14,32.38,37.02,39.90,41.26,46.02
4,4,0-72,37.5,8.50,14.16,18.65,21.28,24.77,28.51,33.50,38.30,41.15,42.57,47.03
4,4,0-72,40,9.13,15.00,19.54,22.29,25.92,29.87,34.58,39.49,42.17,43.72,48.18
4,4,0-72,42.5,9.73,15.85,20.27,22.96,26.91,31.10,35.72,40.54,43.06,44.76,49.65
4,4,0-72,45,10.37,16.73,21.07,23.49,27.93,32.37,36.95,41.60,43.90,45.71,51.18
4,4,0-72,47.5,10.95,17.60,21.77,24.09,28.98,33.66,38.22,42.69,44.85,46.59,52.81
4,4,0-72,50,11.57,18.46,22.38,24.85,30.01,34.95,39.50,43.86,45.91,47.49,54.39
4,4,0-72,52.5,12.27,19.40,23.10,25.59,31.09,36.19,40.78,45.09,47.03,48.49,55.83
4,4,0-72,55,13.13,20.28,23.80,26.63,32.24,37.45,42.08,46.38,48.19,49.63,56.92
4,4,0-72,57.5,14.08,21.20,24.55,27.82,33.34,38.61,43.23,47.68,49.52,50.96,58.36
4,4,0-72,60,14.92,22.12,25.30,28.93,34.50,39.67,44.27,48.89,50.75,52.36,59.86
4,4,0-72,62.5,15.93,23.13,26.29,29.97,35.75,40.75,45.27,50.07,52.02,53.84,62.00
4,4,0-72,65,17.03,24.11,27.24,31.04,36.95,41.83,46.33,51.19,53.31,55.37,64.47
4,4,0-72,67.5,18.39,25.53,28.68,32.25,38.34,43.15,47.58,52.41,54.66,56.96,67.52
4,4,0-72,70,19.85,27.16,30.27,33.67,39.92,44.85,49.17,53.72,56.05,58.58,70.46
4,4,0-72,72.5,22.02,29.51,32.73,35.81,41.85,47.11,51.31,55.72,58.12,60.68,73.80
4,4,0-72,75,24.15,32.22,35.51,38.50,44.25,49.94,54.15,58.44,60.86,63.46,76.79
4,4,0-72,77.5,26.35,35.42,38.82,41.75,47.18,53.43,57.59,61.95,64.34,66.97,79.95
4,4,0-72,80,28.62,38.93,42.42,45.40,50.89,57.53,61.72,66.22,68.61,71.24,82.93
4,4,0-72,82.5,31.25,43.06,46.75,49.79,55.56,62.26,66.62,71.30,73.68,76.20,86.07
4,4,0-72,85,34.13,47.35,51.25,54.59,60.93,67.55,72.02,76.61,78.89,81.29,89.05
4,4,0-72,87.5,38.89,53.06,57.06,60.45,67.11,73.39,77.61,81.87,83.94,86.09,92.00
4,4,0-72,90,45.85,60.14,64.00,67.29,73.89,79.43,83.22,86.78,88.55,90.34,94.54
4,4,0-72,92.5,55.22,68.57,72.07,75.11,80.82,85.42,88.49,91.20,92.53,93.84,96.71
4,4,0-72,95,66.87,78.15,81.02,83.56,87.77,91.21,93.29,95.04,95.82,96.59,98.31
4,4,0-72,97.5,80.38,88.83,90.79,92.58,94.75,96.81,97.72,98.44,98.66,98.89,99.52
4,all,0-6,2.5,0.57,1.88,2.08,2.29,3.21,4.08,5.74,6.87,8.29,9.86,12.52
4,all,0-6,5,1.83,4.19,4.30,5.55,7.74,10.03,12.66,15.17,17.08,19.84,26.03
4,all,0-6,7.5,2.98,6.43,7.07,8.70,12.09,15.89,19.46,23.40,25.83,29.58,38.37
4,all,0-6,10,4.13,8.77,9.83,11.92,16.33,21.73,26.41,31.77,34.61,39.10,49.40
4,all,0-6,12.5,5.28,11.17,12.52,15.03,20.37,27.40,33.28,39.81,43.08,47.99,58.82
4,all,0-6,15,6.52,13.54,15.19,18.19,24.34,32.57,39.79,47.61,51.29,56.07,66.74
4,all,0-6,17.5,7.68,15.66,17.49,21.05,28.17,37.05,45.58,54.35,58.28,62.61,72.66
4,all,0-6,20,8.96,17.94,20.00,24.16,32.05,41.29,50.98,60.16,64.32,68.12,77.67
4,all,0-6,22.5,10.39,20.02,22.55,27.03,35.67,44.94,55.52,64.79,69.29,72.50,81.35
4,all,0-6,25,11.99,22.62,25.64,30.44,39.45,48.52,59.46,68.71,73.25,75.98,83.99
4,all,0-6,27.5,13.61,25.24,28.74,33.59,43.18,52.10,62.81,71.65,76.08,78.72,85.94
4,all,0-6,30,15.35,28.40,32.21,37.38,47.10,55.86,66.04,74.59,78.92,81.38,87.69
4,all,0-6,32.5,17.18,31.39,35.48,40.95,50.74,59.43,68.81,77.27,81.23,83.54,89.11
4,all,0-6,35,19.03,34.47,38.78,45.09,54.85,63.02,71.55,79.88,83.42,85.51,90.52
4,all,0-6,37.5,20.87,36.32,41.43,48.32,58.24,66.07,73.82,82.01,85.23,87.08,91.75
4,all,0-6,40,22.58,38.14,44.03,51.82,61.65,69.10,76.14,83.97,86.88,88.42,92.81
4,all,0-6,42.5,24.27,39.23,46.47,54.34,64.18,71.63,77.96,85.24,87.89,89.29,93.62
4,all,0-6,45,26.05,40.64,49.00,56.87,66.66,73.93,79.79,86.30,88.82,90.12,94.20
4,all,0-6,47.5,27.91,42.33,51.43,58.80,68.39,75.94,81.29,87.07,89.43,90.72,94.67
4,all,0-6,50,29.78,44.92,54.00,60.89,70.36,77.94,82.83,87.82,90.11,91.39,95.11
4,all,0-6,52.5,31.98,47.68,56.56,62.62,71.67,79.48,84.12,88.51,90.70,92.01,95.58
4,all,0-6,55,33.99,51.22,59.24,64.80,73.39,80.93,85.49,89.29,91.33,92.62,95.98
4,all,0-6,57.5,36.02,54.66,61.80,66.89,75.00,82.35,86.66,90.05,91.92,93.19,96.39
4,all,0-6,60,37.76,58.02,64.38,69.06,76.76,83.79,87.93,90.88,92.57,93.78,96.73
4,all,0-6,62.5,39.45,61.22,66.91,71.30,78.42,85.06,89.06,91.66,93.16,94.30,97.07
4,all,0-6,65,41.11,64.42,69.45,73.65,80.30,86.41,90.20,92.46,93.78,94.87,97.34
4,all,0-6,67.5,43.57,67.36,71.97,75.85,81.97,87.74,91.25,93.24,94.37,95.39,97.61
4,all,0-6,70,46.33,70.26,74.53,78.03,83.66,88.93,92.26,94.00,94.98,95.92,97.87
4,all,0-6,72.5,50.64,73.14,77.10,80.24,85.32,90.06,93.13,94.70,95.54,96.43,98.13
4,all,0-6,75,55.94,76.04,79.71,82.50,87.06,91.24,94.01,95.42,96.14,96.96,98.38
4,all,0-6,77.5,61.89,78.79,82.31,84.72,88.72,92.38,94.80,96.06,96.68,97.45,98.63
4,all,0-6,80,67.60,81.53,84.78,86.93,90.39,93.46,95.63,96.70,97.22,97.90,98.86
4,all,0-6,82.5,73.38,84.29,87.20,89.11,91.99,94.52,96.38,97.28,97.72,98.28,99.08
4,all,0-6,85,78.09,86.87,89.44,91.12,93.45,95.51,97.10,97.83,98.19,98.63,99.27
4,all,0-6,87.5,82.29,89.33,91.53,92.95,94.73,96.41,97.74,98.32,98.60,98.92,99.46
4,all,0-6,90,86.01,91.76,93.44,94.65,95.97,97.25,98.31,98.76,98.96,99.17,99.62
4,all,0-6,92.5,89.75,94.09,95.32,96.30,97.20,98.08,98.80,99.13,99.28,99.42,99.76
4,all,0-6,95,93.41,96.26,97.12,97.78,98.34,98.85,99.28,99.46,99.55,99.66,99.88
4,all,0-6,97.5,97.17,98.45,98.91,99.20,99.49,99.63,99.76,99.77,99.81,99.89,99.99
4,all,6-12,2.5,0.66,1.63,2.19,2.95,4.87,6.08,6.87,9.07,10.62,12.68,19.43
4,all,6-12,5,1.83,3.83,4.84,6.06,9.12,12.28,15.33,19.11,22.19,25.51,35.91
4,all,6-12,7.5,2.91,5.96,7.38,9.02,13.30,18.29,23.21,28.32,32.78,37.05,50.48
4,all,6-12,10,3.98,8.14,10.01,12.04,17.50,23.87,29.95,36.49,42.02,46.80,62.63
4,all,6-12,12.5,5.02,10.14,12.40,14.90,21.31,28.70,35.46,43.29,49.51,54.40,71.53
4,all,6-12,15,6.05,12.12,14.81,17.64,24.89,32.88,40.29,48.98,55.52,60.28,77.49
4,all,6-12,17.5,6.99,13.81,16.90,20.14,27.73,36.16,44.17,53.48,60.03,64.68,81.20
4,all,6-12,20,7.97,15.52,19.07,22.61,30.33,38.83,47.61,57.53,63.77,68.46,83.63
4,all,6-12,22.5,8.91,16.91,20.87,24.71,32.51,41.05,50.88,60.89,66.80,71.64,84.94
4,all,6-12,25,9.88,18.46,22.80,26.83,34.73,43.07,53.95,63.96,69.56,74.52,86.03
4,all,6-12,27.5,10.77,19.85,24.35,28.63,36.60,44.76,56.71,66.92,72.22,77.26,87.04
4,all,6-12,30,11.61,21.11,25.86,30.30,38.53,46.45,59.14,69.69,74.79,79.63,87.89
4,all,6-12,32.5,12.33,22.04,26.86,31.61,40.10,47.94,61.22,71.91,77.04,81.49,88.67
4,all,6-12,35,12.92,23.06,27.92,32.87,41.68,49.64,63.12,73.95,78.97,83.02,89.41
4,all,6-12,37.5,13.23,23.76,28.51,33.69,42.96,51.30,64.73,75.64,80.48,84.32,90.09
4,all,6-12,40,13.64,24.42,29.15,34.52,44.24,53.14,66.24,76.92,81.47,85.13,90.74
4,all,6-12,42.5,13.86,25.10,29.68,35.19,45.36,54.95,67.65,77.90,82.04,85.70,91.35
4,all,6-12,45,14.24,26.00,30.46,36.03,46.50,56.94,68.99,78.86,82.43,86.09,91.88
4,all,6-12,47.5,14.81,26.80,31.16,36.90,47.63,58.83,70.26,79.71,82.79,86.40,92.39
4,all,6-12,50,15.61,27.85,32.29,38.21,49.03,60.79,71.63,80.55,83.13,86.53,92.84
4,all,6-12,52.5,16.61,29.16,33.71,39.77,50.48,62.73,72.93,81.38,83.63,86.85,93.28
4,all,6-12,55,18.00,30.88,35.47,41.66,52.40,64.70,74.31,82.19,84.23,87.26,93.70
4,all,6-12,57.5,19.41,32.78,37.47,43.71,54.55,66.67,75.81,83.02,84.93,87.83,94.12
4,all,6-12,60,20.96,35.06,39.87,46.22,56.91,68.68,77.27,83.85,85.71,88.46,94.53
4,all,6-12,62.5,22.72,37.62,42.40,48.77,59.38,70.72,78.74,84.71,86.61,89.24,94.94
4,all,6-12,65,24.41,40.28,45.06,51.48,62.06,72.80,80.21,85.54,87.51,90.00,95.34
4,all,6-12,67.5,26.33,42.87,47.80,54.43,64.74,74.92,81.66,86.51,88.48,90.76,95.74
4,all,6-12,70,28.62,45.44,50.75,57.62,67.63,77.07,83.09,87.49,89.46,91.51,96.13
4,all,6-12,72.5,31.66,48.23,53.87,60.73,70.49,79.17,84.55,88.59,90.48,92.28,96.52
4,all,6-12,75,35.21,51.35,57.36,64.12,73.38,81.33,86.07,89.73,91.50,93.06,96.91
4,all,6-12,77.5,39.55,55.11,61.28,67.70,76.43,83.58,87.66,90.98,92.53,93.89,97.28
4,all,6-12,80,44.18,59.68,65.87,71.53,79.45,85.73,89.23,92.20,93.56,94.74,97.65
4,all,6-12,82.5,49.39,65.20,70.99,75.65,82.51,87.91,90.86,93.47,94.60,95.62,98.01
4,all,6-12,85,54.82,71.20,76.36,79.99,85.66,90.06,92.47,94.68,95.59,96.48,98.36
4,all,6-12,87.5,61.07,77.32,81.62,84.33,88.77,92.16,94.05,95.84,96.55,97.29,98.71
4,all,6-12,90,67.68,82.97,86.48,88.40,91.62,94.05,95.52,96.91,97.44,98.00,99.05
4,all,6-12,92.5,75.21,88.18,90.75,92.09,94.24,95.87,96.90,97.88,98.24,98.64,99.36
4,all,6-12,95,83.13,92.83,94.46,95.36,96.58,97.52,98.15,98.74,98.97,99.20,99.65
4,all,6-12,97.5,91.32,97.03,97.80,98.33,98.76,99.10,99.32,99.52,99.64,99.72,99.94
4,all,12-24,2.5,1.48,1.89,2.62,4.09,5.56,7.59,7.94,10.13,11.97,14.36,21.00
4,all,12-24,5,2.95,4.94,6.25,7.26,11.83,15.49,17.64,21.50,24.46,28.05,37.22
4,all,12-24,7.5,4.42,8.00,9.91,12.13,18.03,23.18,26.81,31.95,35.82,40.39,51.40
4,all,12-24,10,5.87,11.00,13.56,17.02,24.26,30.50,35.02,40.94,45.55,50.85,62.97
4,all,12-24,12.5,7.27,13.93,17.16,21.82,30.31,37.08,42.14,48.22,53.32,59.15,71.61
4,all,12-24,15,8.57,16.49,20.31,26.14,35.63,42.81,48.44,54.21,59.39,65.35,77.45
4,all,12-24,17.5,9.63,18.63,23.06,29.87,40.17,47.50,53.72,59.20,64.05,69.78,80.98
4,all,12-24,20,10.66,20.49,25.48,33.08,43.98,51.47,58.56,63.76,68.11,73.38,83.50
4,all,12-24,22.5,11.67,22.06,27.53,35.39,46.96,54.64,62.97,68.17,71.83,76.49,85.39
4,all,12-24,25,12.49,23.35,29.26,37.06,49.07,57.26,66.87,72.63,75.58,79.39,86.99
4,all,12-24,27.5,13.12,24.67,30.95,38.52,50.92,59.40,70.10,76.69,79.25,82.35,88.61
4,all,12-24,30,13.67,25.79,32.37,39.68,52.12,60.90,72.40,79.87,82.42,85.08,90.35
4,all,12-24,32.5,13.94,26.68,33.37,40.43,52.84,61.56,73.57,82.05,84.91,87.46,92.01
4,all,12-24,35,14.20,27.61,34.41,41.31,53.36,62.15,74.16,83.23,86.69,89.32,93.49
4,all,12-24,37.5,14.65,28.48,35.17,42.02,53.61,62.44,74.34,83.51,87.66,90.58,94.66
4,all,12-24,40,15.34,29.42,35.97,42.66,53.70,62.75,74.49,83.63,88.02,91.30,95.51
4,all,12-24,42.5,16.21,30.47,36.93,43.47,53.85,63.36,74.63,83.75,88.23,91.77,96.05
4,all,12-24,45,17.35,31.69,38.17,44.41,54.30,64.34,74.78,83.88,88.32,91.93,96.34
4,all,12-24,47.5,18.54,33.00,39.39,45.30,54.88,65.12,75.40,84.00,88.45,92.04,96.48
4,all,12-24,50,19.67,34.49,40.88,46.49,55.98,66.17,76.26,84.12,88.72,92.17,96.58
4,all,12-24,52.5,21.02,36.20,42.65,48.06,57.57,67.42,77.30,85.05,89.27,92.41,96.71
4,all,12-24,55,22.63,38.49,44.86,50.00,59.55,68.89,78.52,86.07,89.84,92.62,96.84
4,all,12-24,57.5,24.70,41.20,47.41,52.55,61.73,70.76,79.90,87.34,90.67,93.04,97.09
4,all,12-24,60,26.98,43.73,50.07,55.27,64.16,73.06,81.38,88.58,91.55,93.51,97.36
4,all,12-24,62.5,29.74,46.34,52.77,57.95,66.61,75.36,82.68,89.72,92.43,94.06,97.67
4,all,12-24,65,32.48,48.66,55.12,60.32,68.91,77.49,83.99,90.67,93.14,94.59,97.96
4,all,12-24,67.5,35.30,50.52,57.02,62.35,71.04,79.34,85.29,91.54,93.81,95.16,98.22
4,all,12-24,70,37.77,52.15,58.68,63.91,73.18,80.82,86.42,92.14,94.27,95.60,98.39
4,all,12-24,72.5,40.28,54.33,60.51,65.67,75.28,82.16,87.37,92.72,94.69,96.05,98.54
4,all,12-24,75,42.52,56.76,62.56,67.62,77.32,83.43,88.40,93.28,95.08,96.42,98.66
4,all,12-24,77.5,44.90,59.67,65.09,69.97,79.37,84.77,89.43,93.89,95.49,96.77,98.78
4,all,12-24,80,47.27,63.00,68.03,72.56,81.47,86.17,90.49,94.49,95.92,97.08,98.90
4,all,12-24,82.5,50.17,66.82,71.40,75.59,83.64,87.67,91.63,95.15,96.39,97.43,99.03
4,all,12-24,85,53.29,70.64,74.94,78.68,85.80,89.19,92.81,95.81,96.87,97.75,99.16
4,all,12-24,87.5,57.60,74.85,78.83,82.09,88.04,90.85,94.01,96.51,97.38,98.10,99.31
4,all,12-24,90,63.11,79.41,82.85,85.56,90.37,92.56,95.21,97.20,97.91,98.48,99.45
4,all,12-24,92.5,69.98,84.29,87.04,89.21,92.78,94.38,96.41,97.93,98.45,98.88,99.60
4,all,12-24,95,77.90,89.30,91.17,92.82,95.27,96.24,97.62,98.66,98.99,99.28,99.77
4,all,12-24,97.5,86.94,94.61,95.41,96.51,97.84,98.15,98.84,99.41,99.55,99.70,99.93
4,all,24-72,2.5,1.35,1.70,2.10,2.63,4.21,6.34,9.16,12.26,14.52,17.45,24.38
4,all,24-72,5,2.23,4.15,5.03,6.27,9.09,13.14,18.05,23.88,27.40,31.57,40.07
4,all,24-72,7.5,3.05,6.41,7.75,9.61,13.58,19.21,26.00,34.16,38.81,44.01,53.80
4,all,24-72,10,3.88,8.36,10.07,12.49,17.46,24.29,32.73,42.87,48.46,54.51,65.17
4,all,24-72,12.5,4.68,9.84,11.91,14.76,20.61,28.20,37.99,49.52,55.79,62.54,73.78
4,all,24-72,15,5.45,11.02,13.51,16.69,23.19,31.07,41.94,54.06,60.70,67.90,79.36
4,all,24-72,17.5,6.18,11.88,14.75,18.17,25.10,32.93,44.53,56.96,63.93,71.31,82.92
4,all,24-72,20,6.97,12.73,15.95,19.61,26.77,34.36,46.47,58.97,65.94,73.41,85.23
4,all,24-72,22.5,7.74,13.54,17.15,20.93,28.28,35.43,47.72,59.79,66.52,73.95,86.37
4,all,24-72,25,8.58,14.57,18.44,22.35,29.79,36.48,48.97,60.18,66.68,73.98,86.87
4,all,24-72,27.5,9.51,15.84,19.86,23.75,31.36,37.85,50.11,60.55,66.83,74.01,86.92
4,all,24-72,30,10.58,17.28,21.48,25.31,33.03,39.45,51.44,60.95,66.99,74.04,86.97
4,all,24-72,32.5,11.63,18.69,23.08,26.78,34.70,41.11,52.79,61.59,67.15,74.07,87.03
4,all,24-72,35,12.73,20.19,24.68,28.34,36.39,43.08,54.53,62.96,67.30,74.10,87.08
4,all,24-72,37.5,13.83,21.55,26.26,29.82,37.99,45.11,56.04,64.57,68.00,74.13,87.13
4,all,24-72,40,15.00,22.80,27.92,31.39,39.56,47.02,57.59,66.29,69.25,74.70,87.19
4,all,24-72,42.5,16.11,24.06,29.59,32.94,41.06,48.98,59.06,68.08,71.19,75.93,87.50
4,all,24-72,45,17.35,25.49,31.36,34.66,42.63,50.99,60.41,69.80,73.12,77.75,88.51
4,all,24-72,47.5,18.69,27.16,33.35,36.54,44.39,52.95,61.68,71.35,74.59,79.27,89.29
4,all,24-72,50,19.96,29.50,35.51,38.69,46.33,54.92,63.28,72.86,76.09,80.67,90.26
4,all,24-72,52.5,21.17,32.47,38.12,41.19,48.30,56.89,65.02,74.34,77.54,81.89,90.95
4,all,24-72,55,22.58,35.42,40.73,43.73,50.45,58.87,66.99,75.88,79.34,83.41,91.73
4,all,24-72,57.5,24.00,38.02,43.03,46.13,52.70,60.97,69.29,77.37,81.19,84.90,92.56
4,all,24-72,60,25.38,40.31,44.96,48.39,54.82,63.00,71.56,78.77,83.16,86.52,93.75
4,all,24-72,62.5,26.71,41.96,46.67,50.46,56.91,65.04,73.66,80.21,85.01,88.16,94.89
4,all,24-72,65,28.01,42.88,47.60,52.03,58.84,67.01,75.51,81.69,86.65,89.69,96.01
4,all,24-72,67.5,29.31,43.91,48.58,53.62,60.73,68.89,77.14,83.08,88.00,90.98,96.84
4,all,24-72,70,30.67,45.19,49.89,55.27,62.43,70.67,78.52,84.44,89.17,92.18,97.46
4,all,24-72,72.5,32.21,46.80,51.66,57.19,64.01,72.47,79.87,85.83,90.13,93.05,97.80
4,all,24-72,75,34.46,48.80,53.84,59.33,65.61,74.25,81.12,87.23,90.96,93.71,98.00
4,all,24-72,77.5,37.29,51.45,56.70,61.86,67.73,76.14,82.50,88.55,91.79,94.30,98.07
4,all,24-72,80,40.54,54.36,59.93,64.74,70.09,78.08,83.92,89.80,92.54,94.80,98.15
4,all,24-72,82.5,44.75,58.00,63.74,68.13,72.99,80.30,85.56,91.08,93.40,95.34,98.24
4,all,24-72,85,49.83,62.26,67.97,71.79,76.42,82.67,87.31,92.32,94.33,95.99,98.42
4,all,24-72,87.5,55.61,67.15,72.62,75.92,80.29,85.32,89.27,93.59,95.32,96.70,98.64
4,all,24-72,90,62.44,72.58,77.60,80.43,84.29,88.20,91.39,94.96,96.35,97.44,98.92
4,all,24-72,92.5,70.64,79.03,82.85,85.19,88.48,91.30,93.69,96.39,97.41,98.21,99.22
4,all,24-72,95,79.72,86.09,88.16,90.03,92.53,94.44,96.05,97.80,98.40,98.91,99.52
4,all,24-72,97.5,89.52,93.52,93.59,95.02,96.63,97.71,98.55,99.26,99.39,99.59,99.83
4,all,0-72,2.5,1.12,2.11,2.63,3.37,4.76,6.36,7.80,10.30,12.19,14.64,21.62
4,all,0-72,5,2.36,4.40,5.54,6.89,9.80,13.57,16.94,21.32,24.50,28.12,37.56
4,all,0-72,7.5,3.58,6.65,8.39,10.36,14.73,20.47,25.49,31.42,35.63,40.21,51.53
4,all,0-72,10,4.77,8.88,11.23,13.80,19.53,26.82,33.08,40.20,45.13,50.49,63.03
4,all,0-72,12.5,5.83,10.95,13.87,16.98,23.97,32.39,39.54,47.41,52.68,58.63,71.72
4,all,0-72,15,6.78,12.83,16.23,19.82,27.91,37.18,45.03,53.27,58.46,64.62,77.48
4,all,0-72,17.5,7.62,14.45,18.21,22.19,30.95,40.97,49.36,57.88,62.88,68.90,81.06
4,all,0-72,20,8.43,15.98,20.07,24.31,33.47,44.07,52.94,61.82,66.70,72.39,83.55
4,all,0-72,22.5,9.14,17.34,21.65,26.13,35.47,46.49,55.70,65.09,69.87,75.15,85.26
4,all,0-72,25,9.93,18.69,23.22,27.91,37.17,48.51,57.87,67.89,72.74,77.57,86.59
4,all,0-72,27.5,10.78,20.05,24.73,29.61,38.69,50.23,59.62,70.14,75.26,79.80,87.89
4,all,0-72,30,11.64,21.46,26.28,31.27,40.28,51.76,61.06,71.88,77.17,81.71,89.17
4,all,0-72,32.5,12.46,22.73,27.61,32.78,41.76,53.08,62.24,73.04,78.30,83.13,90.35
4,all,0-72,35,13.33,24.02,29.02,34.27,43.35,54.53,63.71,74.08,79.19,84.30,91.44
4,all,0-72,37.5,14.14,25.21,30.24,35.53,44.83,55.80,65.17,74.98,79.73,85.07,92.35
4,all,0-72,40,14.94,26.43,31.54,36.82,46.35,57.10,66.62,75.91,80.24,85.69,93.12
4,all,0-72,42.5,15.78,27.49,32.75,38.05,47.83,58.32,68.00,76.88,80.85,86.24,93.77
4,all,0-72,45,16.74,28.73,34.20,39.39,49.42,59.56,69.36,77.98,81.71,86.80,94.27
4,all,0-72,47.5,17.87,30.12,35.73,40.84,51.02,60.69,70.35,78.93,82.53,87.26,94.65
4,all,0-72,50,19.27,31.96,37.58,42.56,52.81,62.10,71.57,79.95,83.48,87.85,94.94
4,all,0-72,52.5,20.90,34.07,39.66,44.48,54.70,63.56,72.84,81.07,84.49,88.51,95.20
4,all,0-72,55,22.65,36.56,42.08,46.77,56.79,65.35,74.29,82.26,85.58,89.23,95.43
4,all,0-72,57.5,24.45,39.02,44.50,49.17,59.01,67.42,75.88,83.53,86.72,90.05,95.73
4,all,0-72,60,26.29,41.34,46.86,51.61,61.28,69.65,77.65,84.89,88.01,91.01,96.11
4,all,0-72,62.5,28.05,43.37,49.13,54.08,63.55,71.89,79.27,86.21,89.25,91.96,96.52
4,all,0-72,65,29.68,45.08,51.04,56.23,65.74,74.06,80.84,87.36,90.39,92.83,96.95
4,all,0-72,67.5,31.48,46.74,52.80,58.10,67.83,76.07,82.28,88.44,91.38,93.61,97.37
4,all,0-72,70,33.28,48.52,54.52,59.82,69.69,77.82,83.65,89.39,92.21,94.28,97.71
4,all,0-72,72.5,35.29,50.63,56.44,61.56,71.56,79.49,84.98,90.30,92.89,94.85,97.96
4,all,0-72,75,37.72,53.11,58.65,63.47,73.36,81.02,86.29,91.19,93.48,95.36,98.16
4,all,0-72,77.5,40.62,56.16,61.45,65.95,75.40,82.64,87.62,92.10,94.08,95.85,98.33
4,all,0-72,80,43.83,59.55,64.59,68.82,77.52,84.23,88.99,92.99,94.71,96.32,98.48
4,all,0-72,82.5,47.86,63.50,68.30,72.25,80.02,86.04,90.41,93.92,95.40,96.80,98.65
4,all,0-72,85,52.38,67.89,72.37,76.01,82.65,87.90,91.83,94.84,96.10,97.27,98.83
4,all,0-72,87.5,57.81,72.73,76.76,80.01,85.56,89.92,93.27,95.76,96.84,97.74,99.04
4,all,0-72,90,64.30,77.84,81.31,84.09,88.51,91.95,94.72,96.69,97.56,98.22,99.25
4,all,0-72,92.5,72.00,83.25,86.07,88.29,91.62,94.03,96.18,97.66,98.27,98.72,99.47
4,all,0-72,95,80.56,88.71,90.74,92.37,94.65,96.01,97.62,98.61,98.95,99.21,99.69
4,all,0-72,97.5,89.98,94.26,95.49,96.50,97.74,98.00,99.07,99.60,99.64,99.72,99.90
5,1,0-6,2.5,1.36,2.38,2.70,3.06,4.30,5.98,8.25,10.50,10.96,11.14,15.59
5,1,0-6,5,4.51,7.64,8.57,9.73,11.71,13.90,16.76,20.46,21.98,24.35,30.94
5,1,0-6,7.5,7.81,12.91,14.91,16.38,19.03,21.71,25.26,30.23,32.71,36.56,44.71
5,1,0-6,10,11.50,18.31,21.08,22.94,26.36,29.80,34.02,40.05,43.18,47.61,56.21
5,1,0-6,12.5,15.61,23.69,27.05,29.27,33.46,37.68,42.54,49.24,52.90,57.10,65.38
5,1,0-6,15,20.14,29.15,32.89,35.50,40.35,45.42,50.80,57.55,61.26,65.01,72.64
5,1,0-6,17.5,24.67,34.21,38.37,41.37,46.72,52.52,58.20,64.42,67.96,71.13,77.86
5,1,0-6,20,29.35,39.07,43.51,46.74,52.65,59.00,64.66,70.18,73.32,76.17,82.11
5,1,0-6,22.5,33.59,43.56,48.24,51.64,57.80,64.30,69.98,74.62,77.31,79.84,85.50
5,1,0-6,25,37.78,48.07,52.79,56.29,62.38,68.63,74.24,78.04,80.13,82.46,87.99
5,1,0-6,27.5,41.40,51.81,56.60,60.25,66.22,72.04,77.42,80.74,82.45,84.58,89.90
5,1,0-6,30,44.66,55.26,59.98,63.67,69.59,75.08,80.16,83.19,84.57,86.45,91.39
5,1,0-6,32.5,47.69,58.52,63.13,66.86,72.40,77.58,82.39,85.10,86.39,88.03,92.52
5,1,0-6,35,50.75,61.46,65.96,69.65,74.94,79.90,84.42,86.91,88.11,89.56,93.51
5,1,0-6,37.5,53.27,63.70,68.19,71.85,76.99,82.05,86.16,88.49,89.70,91.05,94.39
5,1,0-6,40,55.88,66.04,70.41,73.91,78.85,83.87,87.64,89.80,91.05,92.24,95.17
5,1,0-6,42.5,58.46,68.19,72.45,75.86,80.40,85.16,88.65,90.66,91.92,93.14,95.83
5,1,0-6,45,61.01,69.97,74.27,77.56,81.86,86.33,89.59,91.49,92.65,93.86,96.38
5,1,0-6,47.5,63.16,71.67,75.95,79.09,83.03,87.25,90.21,92.07,93.17,94.40,96.88
5,1,0-6,50,65.58,73.44,77.73,80.71,84.32,88.10,90.89,92.70,93.69,94.88,97.33
5,1,0-6,52.5,67.81,74.99,79.22,82.00,85.44,88.92,91.50,93.20,94.16,95.35,97.67
5,1,0-6,55,69.75,76.50,80.68,83.20,86.57,89.76,92.15,93.74,94.69,95.77,97.98
5,1,0-6,57.5,71.29,78.04,82.11,84.38,87.59,90.52,92.70,94.19,95.15,96.16,98.28
5,1,0-6,60,72.82,79.56,83.52,85.60,88.72,91.35,93.31,94.66,95.61,96.50,98.52
5,1,0-6,62.5,73.84,80.87,84.72,86.65,89.70,92.05,93.78,95.03,95.97,96.79,98.69
5,1,0-6,65,74.71,82.24,86.08,87.90,90.73,92.80,94.31,95.46,96.34,97.07,98.86
5,1,0-6,67.5,75.68,83.59,87.31,89.08,91.66,93.47,94.77,95.85,96.65,97.33,99.03
5,1,0-6,70,76.66,84.82,88.36,90.09,92.56,94.10,95.24,96.26,96.97,97.56,99.14
5,1,0-6,72.5,77.64,86.00,89.30,90.95,93.27,94.64,95.65,96.64,97.25,97.79,99.23
5,1,0-6,75,78.94,87.25,90.41,91.98,94.02,95.24,96.13,97.03,97.56,98.04,99.36
5,1,0-6,77.5,80.32,88.44,91.37,92.85,94.65,95.74,96.55,97.42,97.86,98.26,99.48
5,1,0-6,80,81.81,89.53,92.33,93.68,95.26,96.25,96.99,97.80,98.14,98.49,99.59
5,1,0-6,82.5,83.62,90.74,93.34,94.50,95.83,96.75,97.40,98.16,98.42,98.72,99.70
5,1,0-6,85,85.66,91.95,94.42,95.34,96.44,97.27,97.85,98.52,98.71,98.96,99.81
5,1,0-6,87.5,87.80,93.18,95.34,96.00,96.98,97.73,98.25,98.83,98.97,99.18,99.88
5,1,0-6,90,90.00,94.48,96.33,96.69,97.51,98.18,98.64,99.10,99.20,99.38,99.93
5,1,0-6,92.5,92.43,95.88,97.37,97.47,98.10,98.64,99.01,99.35,99.43,99.57,99.97
5,1,0-6,95,94.89,97.29,97.82,98.34,98.74,99.09,99.37,99.58,99.63,99.73,99.99
5,1,0-6,97.5,97.46,98.76,99.00,99.25,99.39,99.54,99.71,99.81,99.85,99.89,100.00
5,1,6-12,2.5,1.87,4.12,4.93,6.11,8.31,9.06,10.08,13.11,16.22,17.97,24.12
5,1,6-12,5,5.77,9.61,11.22,12.69,15.91,18.27,22.24,26.66,30.77,33.99,42.23
5,1,6-12,7.5,9.48,15.01,17.44,19.16,23.25,27.01,33.28,38.75,43.57,47.95,57.92
5,1,6-12,10,13.15,20.56,23.71,25.64,30.61,35.44,42.96,49.06,54.34,59.58,70.65
5,1,6-12,12.5,16.95,25.90,29.58,31.67,37.34,42.86,50.67,57.09,62.62,68.27,79.63
5,1,6-12,15,20.74,31.01,35.10,37.34,43.45,49.45,57.01,63.28,68.71,74.19,85.32
5,1,6-12,17.5,24.54,35.69,39.92,42.31,48.65,54.77,61.77,67.77,73.00,77.89,88.66
5,1,6-12,20,28.55,39.98,44.13,46.74,53.33,59.53,65.88,71.68,76.66,80.71,90.87
5,1,6-12,22.5,32.55,43.80,47.77,50.70,57.23,63.30,69.16,74.76,79.35,82.50,91.90
5,1,6-12,25,36.56,47.27,51.26,54.49,60.96,66.81,72.13,77.54,81.56,84.04,92.72
5,1,6-12,27.5,40.57,50.44,54.41,57.90,64.46,69.99,74.81,80.04,83.47,85.39,93.43
5,1,6-12,30,44.10,53.41,57.39,61.05,67.64,72.95,77.32,82.20,84.99,86.56,93.96
5,1,6-12,32.5,47.38,56.13,60.43,64.08,70.50,75.48,79.49,83.93,86.11,87.58,94.42
5,1,6-12,35,50.34,58.41,63.43,66.82,73.03,77.78,81.35,85.49,87.23,88.55,94.90
5,1,6-12,37.5,52.58,60.67,66.20,69.30,75.12,79.63,83.06,86.87,88.33,89.41,95.29
5,1,6-12,40,54.10,62.59,68.54,71.43,76.61,80.89,84.32,88.00,89.27,90.27,95.76
5,1,6-12,42.5,55.20,64.27,70.69,73.29,77.85,81.84,85.31,88.95,90.17,91.15,96.22
5,1,6-12,45,55.67,65.71,72.35,74.77,78.80,82.52,86.05,89.73,90.95,91.96,96.56
5,1,6-12,47.5,55.78,67.27,73.66,76.00,79.72,83.14,86.76,90.41,91.59,92.84,96.96
5,1,6-12,50,55.85,68.50,74.71,77.00,80.47,83.65,87.27,90.92,92.10,93.67,97.36
5,1,6-12,52.5,55.93,69.64,75.85,78.07,81.39,84.27,87.87,91.38,92.73,94.50,97.66
5,1,6-12,55,56.04,70.62,76.72,79.00,82.08,84.85,88.41,91.83,93.28,95.20,97.99
5,1,6-12,57.5,56.42,71.75,77.59,79.88,82.79,85.53,89.02,92.29,93.92,95.90,98.34
5,1,6-12,60,57.07,72.76,78.26,80.66,83.36,86.15,89.62,92.76,94.56,96.48,98.67
5,1,6-12,62.5,57.67,73.87,78.80,81.26,83.95,86.82,90.24,93.22,95.18,96.98,98.91
5,1,6-12,65,58.00,75.03,79.27,81.69,84.43,87.56,90.87,93.72,95.72,97.35,99.15
5,1,6-12,67.5,58.25,76.21,79.75,82.09,85.09,88.30,91.53,94.22,96.25,97.70,99.36
5,1,6-12,70,58.50,77.28,80.34,82.66,85.74,88.97,92.11,94.66,96.67,97.94,99.48
5,1,6-12,72.5,58.75,78.32,81.04,83.25,86.61,89.72,92.70,95.10,97.05,98.13,99.57
5,1,6-12,75,59.00,79.33,81.67,83.97,87.56,90.52,93.32,95.55,97.39,98.29,99.66
5,1,6-12,77.5,59.25,80.46,82.43,84.80,88.60,91.31,93.94,96.01,97.67,98.46,99.71
5,1,6-12,80,59.50,81.63,83.39,85.84,89.67,92.15,94.55,96.47,97.91,98.59,99.74
5,1,6-12,82.5,60.88,83.05,84.45,86.95,90.88,93.09,95.22,96.94,98.14,98.72,99.76
5,1,6-12,85,63.92,84.77,85.89,88.39,92.11,94.05,95.91,97.41,98.38,98.89,99.80
5,1,6-12,87.5,68.70,86.79,87.90,90.07,93.36,95.03,96.59,97.89,98.62,99.04,99.82
5,1,6-12,90,74.65,89.01,90.12,91.94,94.66,96.05,97.28,98.35,98.87,99.20,99.85
5,1,6-12,92.5,81.25,91.53,92.52,93.88,96.01,97.10,97.96,98.81,99.12,99.36,99.88
5,1,6-12,95,88.04,94.18,94.96,95.87,97.37,98.16,98.64,99.27,99.40,99.55,99.92
5,1,6-12,97.5,94.58,96.89,97.38,97.86,98.72,99.20,99.31,99.71,99.66,99.74,99.95
5,1,12-24,2.5,2.16,4.68,6.38,7.72,7.88,8.79,10.99,13.98,15.53,17.80,24.17
5,1,12-24,5,6.35,10.61,13.23,14.94,16.76,18.97,22.71,27.35,29.97,33.23,40.83
5,1,12-24,7.5,10.81,16.51,20.00,22.08,25.35,28.52,33.47,39.47,43.11,47.09,55.31
5,1,12-24,10,15.85,22.66,26.81,29.21,33.28,36.94,42.62,49.79,54.20,58.63,67.16
5,1,12-24,12.5,21.43,28.71,33.21,35.87,40.38,44.09,49.88,57.97,62.83,67.45,75.91
5,1,12-24,15,27.39,34.63,39.24,42.02,46.91,50.46,55.93,64.29,69.29,73.65,81.67
5,1,12-24,17.5,33.27,40.23,44.51,47.38,52.57,55.96,60.92,68.90,73.68,77.57,85.11
5,1,12-24,20,38.71,45.29,49.15,52.11,57.78,61.09,65.37,72.68,76.84,80.21,87.46
5,1,12-24,22.5,42.95,49.36,52.90,56.27,62.63,66.13,69.73,75.97,79.40,82.24,88.93
5,1,12-24,25,45.96,52.58,55.98,59.98,67.09,71.09,74.23,79.20,81.83,84.18,90.12
5,1,12-24,27.5,47.89,54.85,58.20,62.86,70.72,75.44,78.44,82.36,84.29,86.23,91.26
5,1,12-24,30,49.05,56.28,59.75,64.96,73.43,78.79,81.98,85.29,86.77,88.43,92.53
5,1,12-24,32.5,49.71,57.14,60.56,66.36,75.12,81.18,84.95,87.90,89.21,90.63,93.79
5,1,12-24,35,50.48,58.03,61.44,67.37,76.22,82.70,87.14,90.04,91.29,92.57,95.03
5,1,12-24,37.5,51.35,58.81,62.24,68.06,76.90,83.43,88.52,91.54,92.81,94.00,96.05
5,1,12-24,40,52.37,59.82,63.31,68.92,77.45,83.90,89.40,92.58,93.85,95.01,96.85
5,1,12-24,42.5,53.47,60.94,64.78,69.91,78.03,84.48,90.09,93.32,94.56,95.64,97.42
5,1,12-24,45,54.64,62.31,66.80,71.22,78.87,85.20,90.56,93.80,94.98,96.02,97.80
5,1,12-24,47.5,55.80,63.61,68.38,72.59,79.69,85.97,90.95,94.13,95.24,96.24,98.00
5,1,12-24,50,57.08,65.10,70.01,74.04,80.46,86.82,91.33,94.40,95.51,96.46,98.17
5,1,12-24,52.5,58.24,66.48,71.32,75.43,81.23,87.66,91.70,94.62,95.71,96.68,98.31
5,1,12-24,55,59.39,67.86,72.39,76.76,82.02,88.43,92.04,94.81,95.85,96.88,98.43
5,1,12-24,57.5,60.47,69.03,73.27,77.88,82.70,89.11,92.36,94.99,96.00,97.07,98.59
5,1,12-24,60,61.37,70.15,74.34,78.78,83.24,89.61,92.67,95.17,96.14,97.23,98.79
5,1,12-24,62.5,62.01,70.91,75.14,79.29,83.78,89.99,92.99,95.38,96.27,97.41,99.00
5,1,12-24,65,62.67,71.52,75.90,79.61,84.37,90.28,93.28,95.57,96.41,97.54,99.10
5,1,12-24,67.5,63.00,71.89,76.37,79.84,84.92,90.55,93.59,95.78,96.58,97.70,99.20
5,1,12-24,70,63.35,72.06,76.43,79.93,85.48,90.77,93.91,96.01,96.75,97.80,99.25
5,1,12-24,72.5,63.91,72.34,76.61,80.19,86.19,91.07,94.21,96.24,96.94,97.93,99.30
5,1,12-24,75,64.87,73.09,77.09,80.73,86.84,91.39,94.47,96.44,97.12,98.00,99.35
5,1,12-24,77.5,66.37,74.37,78.08,81.61,87.54,91.81,94.76,96.66,97.31,98.09,99.40
5,1,12-24,80,68.67,76.30,79.60,82.83,88.29,92.23,95.03,96.84,97.49,98.16,99.45
5,1,12-24,82.5,71.43,78.92,81.76,84.50,89.28,92.79,95.36,97.06,97.68,98.29,99.50
5,1,12-24,85,74.63,81.77,84.10,86.32,90.33,93.44,95.75,97.31,97.89,98.42,99.55
5,1,12-24,87.5,78.15,84.81,86.71,88.43,91.60,94.26,96.25,97.62,98.14,98.61,99.60
5,1,12-24,90,81.80,87.79,89.30,90.61,93.00,95.15,96.83,97.98,98.42,98.82,99.65
5,1,12-24,92.5,85.48,90.72,91.90,92.91,94.65,96.23,97.54,98.44,98.78,99.07,99.70
5,1,12-24,95,89.14,93.53,94.39,95.20,96.35,97.33,98.28,98.92,99.16,99.34,99.80
5,1,12-24,97.5,92.85,96.39,96.94,97.55,98.15,98.52,99.10,99.45,99.58,99.63,99.90
5,1,24-72,2.5,2.94,4.38,5.18,6.33,8.55,10.98,14.98,19.44,21.29,24.36,31.06
5,1,24-72,5,6.58,10.93,12.66,14.39,17.72,21.51,26.81,32.97,35.68,39.60,48.79
5,1,24-72,7.5,10.19,16.95,19.44,21.83,26.21,31.09,37.30,44.77,48.18,52.79,64.05
5,1,24-72,10,13.69,22.12,25.13,28.22,33.53,39.40,46.37,54.68,58.57,63.54,76.37
5,1,24-72,12.5,17.09,26.61,29.80,33.44,39.46,46.14,53.61,62.42,66.42,71.58,85.14
5,1,24-72,15,20.31,30.40,33.86,37.94,44.46,51.40,59.31,67.90,71.77,76.76,90.55
5,1,24-72,17.5,23.41,33.37,37.12,41.35,48.27,55.29,63.78,72.03,75.67,80.30,93.83
5,1,24-72,20,26.40,35.99,39.76,44.05,51.18,58.26,67.31,75.28,78.81,83.06,95.80
5,1,24-72,22.5,29.26,38.61,42.35,46.42,53.41,60.21,69.39,77.55,81.02,85.18,96.76
5,1,24-72,25,32.16,41.18,44.71,48.70,55.41,61.57,70.44,78.88,82.52,86.71,97.33
5,1,24-72,27.5,35.11,43.89,46.74,50.67,56.95,62.48,70.80,79.20,83.47,87.92,97.56
5,1,24-72,30,37.98,46.72,48.80,52.74,58.27,63.17,71.00,79.31,83.78,88.64,97.60
5,1,24-72,32.5,41.37,49.92,51.87,55.38,59.90,64.10,72.00,79.48,83.86,89.08,97.63
5,1,24-72,35,44.99,53.45,55.26,58.39,62.23,65.74,72.50,79.50,84.23,89.47,97.66
5,1,24-72,37.5,48.52,57.00,58.84,61.40,64.67,68.03,73.00,80.75,85.28,90.15,97.69
5,1,24-72,40,51.90,60.42,62.38,64.37,67.26,70.84,75.00,82.85,87.03,91.29,97.90
5,1,24-72,42.5,54.94,63.22,65.40,66.87,69.70,73.84,77.26,85.41,89.14,92.77,98.26
5,1,24-72,45,56.77,65.19,67.24,68.60,71.79,76.66,80.58,87.90,91.25,94.17,98.64
5,1,24-72,47.5,57.50,65.30,67.50,69.65,73.07,78.87,83.27,89.92,92.87,95.33,98.97
5,1,24-72,50,57.70,65.50,67.80,70.13,73.85,80.25,85.11,91.13,93.85,96.10,99.26
5,1,24-72,52.5,57.90,65.70,68.10,70.23,74.25,81.03,86.02,91.67,94.21,96.40,99.44
5,1,24-72,55,58.15,65.90,68.40,70.35,74.68,81.47,86.64,92.00,94.38,96.44,99.56
5,1,24-72,57.5,58.30,66.10,68.60,70.54,75.10,81.72,86.87,92.06,94.40,96.46,99.64
5,1,24-72,60,58.50,66.40,68.80,70.80,75.68,81.99,87.06,92.18,94.53,96.48,99.73
5,1,24-72,62.5,58.70,66.70,69.00,71.45,76.48,82.53,87.43,92.38,94.75,96.57,99.78
5,1,24-72,65,58.90,67.00,69.25,72.33,77.51,83.26,88.08,92.70,95.10,96.76,99.79
5,1,24-72,67.5,59.00,67.37,69.53,73.32,78.58,84.15,88.73,93.02,95.39,96.95,99.80
5,1,24-72,70,59.22,68.56,70.77,74.36,79.75,85.11,89.49,93.45,95.75,97.17,99.81
5,1,24-72,72.5,60.34,69.88,72.18,75.42,80.89,86.07,90.31,93.84,96.06,97.40,99.82
5,1,24-72,75,61.79,71.07,73.52,76.34,81.95,86.96,91.10,94.28,96.37,97.60,99.83
5,1,24-72,77.5,63.68,72.52,75.00,77.31,82.92,87.75,91.81,94.71,96.63,97.79,99.84
5,1,24-72,80,65.74,74.01,76.41,78.27,83.86,88.48,92.45,95.14,96.93,97.99,99.85
5,1,24-72,82.5,68.04,75.47,77.71,79.32,84.80,89.34,93.14,95.60,97.22,98.18,99.96
5,1,24-72,85,70.80,77.20,79.29,80.73,85.79,90.18,93.87,96.11,97.53,98.38,99.87
5,1,24-72,87.5,73.83,79.47,81.30,82.61,87.00,91.03,94.67,96.65,97.86,98.59,99.88
5,1,24-72,90,77.35,82.19,83.80,85.03,88.72,92.23,95.54,97.25,98.23,98.83,99.89
5,1,24-72,92.5,81.65,85.64,87.08,88.21,91.11,93.95,96.58,97.93,98.64,99.09,99.90
5,1,24-72,95,86.62,89.79,91.07,92.09,94.11,96.03,97.81,98.66,99.10,99.38,99.94
5,1,24-72,97.5,92.06,94.41,95.46,96.34,97.65,98.58,99.11,99.45,99.60,99.69,99.98
5,1,0-72,2.5,1.93,4.66,5.90,7.04,8.56,8.70,11.05,14.56,16.67,19.28,26.06
5,1,0-72,5,6.12,10.29,12.27,13.95,16.55,18.81,22.71,27.75,30.96,34.53,42.85
5,1,0-72,7.5,10.29,15.85,18.54,20.74,24.33,28.27,33.39,39.61,43.68,47.95,57.39
5,1,0-72,10,14.60,21.60,24.85,27.53,31.87,36.71,42.70,49.76,54.37,59.14,69.27
5,1,0-72,12.5,18.93,27.22,30.87,33.86,38.81,43.93,50.29,57.88,62.71,67.66,78.01
5,1,0-72,15,23.41,32.68,36.52,39.71,45.11,50.35,56.58,64.19,68.88,73.60,83.56
5,1,0-72,17.5,27.83,37.75,41.54,44.80,50.42,55.74,61.73,68.89,73.19,77.46,86.94
5,1,0-72,20,32.04,42.38,46.00,49.23,55.07,60.57,66.29,72.87,76.62,80.40,89.19
5,1,0-72,22.5,35.78,46.19,49.63,52.82,59.02,64.85,70.25,76.14,79.36,82.59,90.49
5,1,0-72,25,39.17,49.39,52.60,55.85,62.30,68.65,73.90,79.05,81.77,84.57,91.40
5,1,0-72,27.5,41.95,51.90,55.00,58.26,64.90,71.70,77.12,81.70,84.00,86.50,92.31
5,1,0-72,30,44.31,53.92,57.00,60.22,67.07,74.09,79.71,84.03,86.05,88.34,93.25
5,1,0-72,32.5,46.54,55.75,58.81,61.90,68.77,75.85,81.70,85.99,87.89,90.02,94.14
5,1,0-72,35,48.69,57.82,60.83,63.76,70.31,77.23,83.36,87.66,89.50,91.54,95.12
5,1,0-72,37.5,50.63,59.87,62.91,65.70,71.98,78.42,84.67,88.98,90.81,92.68,95.96
5,1,0-72,40,52.50,62.03,65.02,67.71,73.80,79.62,85.79,90.04,91.89,93.60,96.65
5,1,0-72,42.5,54.19,64.09,66.97,69.76,75.59,80.86,86.82,90.96,92.75,94.35,97.20
5,1,0-72,45,55.64,65.91,68.75,71.75,77.37,82.20,87.84,91.73,93.42,94.93,97.64
5,1,0-72,47.5,56.81,67.23,70.06,73.32,78.92,83.43,88.70,92.36,93.96,95.36,97.93
5,1,0-72,50,57.89,68.34,71.13,74.64,80.15,84.59,89.50,92.93,94.40,95.75,98.18
5,1,0-72,52.5,58.78,69.07,71.97,75.73,81.11,85.59,90.18,93.40,94.76,96.07,98.40
5,1,0-72,55,59.59,69.69,72.74,76.56,81.83,86.42,90.76,93.75,95.08,96.32,98.59
5,1,0-72,57.5,60.30,70.23,73.45,77.28,82.50,87.12,91.29,94.07,95.37,96.56,98.77
5,1,0-72,60,60.92,70.78,74.19,77.95,83.09,87.75,91.77,94.38,95.64,96.77,98.94
5,1,0-72,62.5,61.43,71.36,74.90,78.54,83.69,88.28,92.16,94.67,95.90,96.98,99.08
5,1,0-72,65,61.97,72.08,75.71,79.18,84.35,88.85,92.61,94.98,96.15,97.18,99.20
5,1,0-72,67.5,62.39,72.78,76.53,79.82,85.11,89.46,93.02,95.30,96.39,97.38,99.31
5,1,0-72,70,62.92,73.54,77.32,80.44,85.85,90.10,93.41,95.63,96.65,97.57,99.38
5,1,0-72,72.5,63.62,74.42,78.19,81.18,86.67,90.81,93.80,95.98,96.90,97.76,99.43
5,1,0-72,75,64.64,75.28,79.08,81.94,87.47,91.53,94.21,96.31,97.14,97.93,99.47
5,1,0-72,77.5,66.09,76.32,80.07,82.81,88.25,92.22,94.61,96.64,97.38,98.09,99.49
5,1,0-72,80,68.05,77.52,81.18,83.82,88.97,92.87,95.03,96.95,97.62,98.25,99.51
5,1,0-72,82.5,70.36,78.91,82.47,85.02,89.81,93.54,95.49,97.27,97.84,98.42,99.52
5,1,0-72,85,73.14,80.59,83.99,86.39,90.65,94.25,95.99,97.60,98.09,98.59,99.55
5,1,0-72,87.5,76.44,82.82,86.00,88.21,91.72,95.01,96.55,97.94,98.36,98.79,99.59
5,1,0-72,90,80.08,85.43,88.28,90.21,93.00,95.84,97.16,98.30,98.64,99.00,99.64
5,1,0-72,92.5,84.23,88.62,90.93,92.55,94.60,96.82,97.84,98.70,98.96,99.23,99.71
5,1,0-72,95,88.89,92.30,93.91,95.13,96.38,97.90,98.56,99.13,99.28,99.46,99.81
5,1,0-72,97.5,93.81,96.28,97.12,97.91,98.43,99.02,99.31,99.58,99.61,99.71,99.90
5,2,0-6,2.5,0.10,0.20,0.30,0.50,0.70,0.90,1.10,1.44,2.18,2.87,5.51
5,2,0-6,5,0.72,1.14,1.42,2.00,2.29,2.73,3.52,4.74,5.53,6.43,10.39
5,2,0-6,7.5,1.30,2.05,2.63,3.53,4.37,5.06,6.23,8.02,8.85,9.96,15.32
5,2,0-6,10,2.03,3.26,3.97,5.17,6.51,7.49,9.12,11.30,12.20,13.51,20.32
5,2,0-6,12.5,2.77,4.48,5.23,6.83,8.64,9.94,12.07,14.48,15.45,16.88,25.32
5,2,0-6,15,3.55,5.86,6.62,8.69,10.98,12.69,15.27,18.00,19.11,20.52,30.39
5,2,0-6,17.5,4.18,7.12,8.10,10.80,13.66,15.81,18.82,21.84,23.12,24.71,35.59
5,2,0-6,20,4.77,8.54,9.96,13.42,16.70,19.37,22.84,26.13,27.74,29.54,40.88
5,2,0-6,22.5,5.65,10.28,12.25,16.34,20.00,23.19,27.14,30.94,33.08,35.18,46.14
5,2,0-6,25,6.64,12.50,15.21,19.83,23.73,27.49,31.90,36.25,39.25,41.75,51.75
5,2,0-6,27.5,8.04,15.39,18.85,23.55,27.69,31.88,36.84,41.62,45.40,48.33,57.41
5,2,0-6,30,9.67,18.91,23.05,27.71,32.10,36.72,42.10,47.17,51.58,54.61,62.82
5,2,0-6,32.5,11.77,22.93,27.62,32.01,36.57,41.49,47.23,52.62,57.36,60.43,67.99
5,2,0-6,35,14.45,27.19,32.30,36.53,41.33,46.42,52.50,57.70,62.39,65.31,72.83
5,2,0-6,37.5,17.80,31.67,37.01,40.97,46.10,51.32,57.64,62.64,66.70,69.41,77.03
5,2,0-6,40,21.30,35.81,41.24,45.20,50.59,55.98,62.44,67.46,70.75,73.21,80.57
5,2,0-6,42.5,25.27,40.08,45.39,49.07,54.68,60.09,66.73,71.90,74.50,76.74,83.71
5,2,0-6,45,29.31,44.21,49.37,52.89,58.76,64.20,70.84,76.00,77.99,79.89,86.23
5,2,0-6,47.5,32.96,48.00,53.00,56.29,62.27,67.84,74.34,79.56,81.15,82.83,88.37
5,2,0-6,50,36.44,51.57,56.21,59.32,65.35,70.95,77.30,82.52,83.88,85.36,89.98
5,2,0-6,52.5,40.23,55.37,59.63,62.36,68.28,73.81,79.90,84.78,86.03,87.41,91.37
5,2,0-6,55,44.28,58.99,62.84,65.36,70.99,76.52,82.29,86.44,87.57,88.99,92.48
5,2,0-6,57.5,48.21,62.35,65.78,68.08,73.42,78.83,84.25,87.70,88.75,90.24,93.46
5,2,0-6,60,52.18,65.61,68.73,70.80,75.90,80.96,85.93,88.86,89.78,91.31,94.36
5,2,0-6,62.5,56.78,68.84,71.80,73.63,78.45,83.08,87.58,89.92,90.76,92.31,95.21
5,2,0-6,65,61.57,71.92,74.75,76.46,81.17,85.27,89.14,91.03,91.79,93.30,95.94
5,2,0-6,67.5,66.08,74.81,77.60,79.20,83.98,87.37,90.49,92.23,92.91,94.35,96.63
5,2,0-6,70,70.72,77.80,80.47,81.97,86.60,89.37,91.83,93.35,93.96,95.37,97.29
5,2,0-6,72.5,75.31,80.77,83.21,84.58,88.80,91.23,93.12,94.42,94.96,96.28,97.82
5,2,0-6,75,79.32,83.65,85.80,87.04,90.79,92.87,94.25,95.37,95.85,97.12,98.34
5,2,0-6,77.5,82.59,86.30,88.06,89.20,92.39,94.27,95.26,96.21,96.62,97.79,98.79
5,2,0-6,80,85.56,88.79,90.18,91.12,93.55,95.33,96.13,96.91,97.28,98.24,99.16
5,2,0-6,82.5,88.21,90.94,91.96,92.73,94.57,96.22,96.91,97.52,97.83,98.60,99.41
5,2,0-6,85,90.54,92.81,93.58,94.21,95.63,96.99,97.57,98.02,98.28,98.88,99.61
5,2,0-6,87.5,92.38,94.33,94.92,95.43,96.54,97.63,98.13,98.47,98.67,99.08,99.71
5,2,0-6,90,94.07,95.68,96.21,96.58,97.41,98.22,98.62,98.87,99.02,99.27,99.81
5,2,0-6,92.5,95.63,96.87,97.33,97.65,98.29,98.77,99.06,99.21,99.31,99.49,99.87
5,2,0-6,95,97.26,98.08,98.49,98.77,99.23,99.30,99.44,99.52,99.59,99.69,99.93
5,2,0-6,97.5,98.85,99.25,99.34,99.44,99.54,99.63,99.72,99.82,99.86,99.89,99.99
5,2,6-12,2.5,0.05,0.19,0.52,0.69,1.18,1.48,1.64,2.98,4.45,5.90,9.78
5,2,6-12,5,0.76,1.69,2.18,2.78,3.71,4.51,5.30,8.25,9.93,11.97,18.44
5,2,6-12,7.5,1.55,3.14,3.82,4.79,6.28,7.44,8.84,13.56,15.35,17.98,26.19
5,2,6-12,10,2.32,4.68,5.56,6.79,8.98,10.46,12.45,18.83,20.66,23.64,32.74
5,2,6-12,12.5,3.10,6.20,7.38,8.75,11.69,13.55,15.97,23.65,25.56,28.56,38.44
5,2,6-12,15,3.98,7.84,9.22,10.65,14.38,16.60,19.44,27.82,29.64,32.52,43.59
5,2,6-12,17.5,4.95,9.50,11.09,12.66,16.98,19.57,22.78,31.00,32.89,36.09,48.91
5,2,6-12,20,6.00,11.23,13.03,14.87,19.50,22.57,26.09,33.61,36.07,39.70,54.78
5,2,6-12,22.5,7.20,12.76,14.85,17.01,21.98,25.45,29.21,35.98,39.43,43.96,61.22
5,2,6-12,25,8.46,14.34,16.75,19.28,24.57,28.35,32.28,38.96,43.31,49.08,67.78
5,2,6-12,27.5,9.87,15.65,18.52,21.47,27.24,31.21,35.23,42.19,47.58,55.18,73.97
5,2,6-12,30,11.82,17.32,20.45,23.61,29.82,34.02,38.08,45.92,52.20,60.70,78.69
5,2,6-12,32.5,14.11,19.58,23.02,26.25,32.93,37.21,41.35,49.95,56.29,65.20,82.12
5,2,6-12,35,16.91,22.59,26.27,29.50,36.30,40.70,44.85,54.05,59.94,68.85,84.36
5,2,6-12,37.5,20.13,26.13,29.87,33.30,40.30,44.52,48.71,57.76,63.09,71.44,85.58
5,2,6-12,40,23.61,30.45,34.17,38.18,44.89,48.93,53.12,61.65,66.36,73.17,86.18
5,2,6-12,42.5,26.38,34.82,38.72,43.38,49.71,53.50,57.67,65.33,69.39,74.90,86.74
5,2,6-12,45,29.35,38.97,43.02,48.08,54.16,57.84,61.75,68.92,72.61,76.84,87.46
5,2,6-12,47.5,31.96,42.78,47.05,52.37,58.43,61.98,65.64,72.22,75.48,78.75,88.31
5,2,6-12,50,35.02,46.51,50.90,56.07,61.87,65.55,68.94,75.24,78.13,80.82,89.21
5,2,6-12,52.5,38.63,50.10,54.60,58.89,64.83,68.56,71.78,77.94,80.42,82.81,90.28
5,2,6-12,55,43.55,53.89,58.25,61.72,67.71,71.63,74.77,80.73,82.74,84.85,91.47
5,2,6-12,57.5,48.65,57.98,61.88,64.70,70.53,74.69,77.79,83.23,84.85,86.88,92.66
5,2,6-12,60,54.15,62.35,65.58,67.81,73.35,77.64,80.76,85.69,87.12,88.83,93.84
5,2,6-12,62.5,59.22,66.76,69.42,71.27,76.32,80.90,83.94,88.14,89.34,90.61,94.93
5,2,6-12,65,63.39,70.90,72.93,74.69,78.97,83.86,86.76,90.35,91.38,92.41,96.08
5,2,6-12,67.5,66.30,74.38,76.10,77.68,81.53,86.39,89.00,92.11,93.07,94.04,97.16
5,2,6-12,70,68.60,77.05,78.73,80.21,83.86,88.47,90.83,93.62,94.51,95.45,97.99
5,2,6-12,72.5,70.65,79.18,80.89,82.33,85.94,90.26,92.30,94.82,95.65,96.53,98.62
5,2,6-12,75,72.42,80.79,82.56,83.98,87.71,91.59,93.37,95.72,96.54,97.41,99.09
5,2,6-12,77.5,74.50,82.29,84.16,85.53,89.42,92.84,94.37,96.41,97.26,98.08,99.34
5,2,6-12,80,76.94,83.96,85.71,87.04,90.91,93.92,95.32,97.02,97.84,98.58,99.52
5,2,6-12,82.5,79.67,85.93,87.48,88.71,92.26,94.98,96.24,97.60,98.35,98.97,99.68
5,2,6-12,85,82.51,87.94,89.28,90.44,93.47,95.92,97.08,98.13,98.75,99.28,99.81
5,2,6-12,87.5,85.54,90.09,91.17,92.22,94.74,96.77,97.79,98.59,99.12,99.53,99.91
5,2,6-12,90,88.58,92.27,93.11,94.01,95.98,97.57,98.38,99.01,99.40,99.70,99.97
5,2,6-12,92.5,91.73,94.48,95.14,95.83,97.19,98.36,98.92,99.36,99.64,99.83,100.00
5,2,6-12,95,94.87,96.71,97.18,97.67,98.46,99.16,99.41,99.64,99.82,99.92,100.00
5,2,6-12,97.5,97.86,98.96,99.29,99.51,99.78,99.84,99.90,99.95,99.99,100.00,100.00
5,2,12-24,2.5,0.88,1.14,1.28,1.36,1.44,1.53,3.15,5.01,6.28,7.20,8.39
5,2,12-24,5,1.71,2.72,3.11,3.51,3.80,4.99,7.51,10.70,12.60,14.26,18.24
5,2,12-24,7.5,2.50,4.26,4.93,5.64,6.29,8.42,11.78,16.39,18.83,21.14,27.16
5,2,12-24,10,3.32,5.85,6.82,7.84,9.37,11.88,16.04,21.96,24.89,27.55,34.74
5,2,12-24,12.5,4.05,7.36,8.62,10.02,12.40,15.31,20.22,27.30,30.46,33.18,40.94
5,2,12-24,15,4.70,8.85,10.47,12.22,15.37,18.68,24.16,31.95,35.03,38.47,46.36
5,2,12-24,17.5,5.25,10.33,12.29,14.42,18.23,22.00,27.86,35.76,38.68,42.88,51.14
5,2,12-24,20,5.82,11.87,14.17,16.68,21.09,25.35,31.56,38.98,41.66,46.58,55.93
5,2,12-24,22.5,6.34,13.40,16.05,18.91,23.85,28.63,34.92,41.82,44.19,49.86,60.03
5,2,12-24,25,7.01,15.05,18.08,21.21,26.52,31.82,38.02,44.49,46.65,52.94,63.61
5,2,12-24,27.5,7.90,16.80,20.09,23.53,29.26,35.04,41.20,47.51,49.96,55.49,66.81
5,2,12-24,30,9.16,18.70,22.22,25.91,32.10,38.43,44.58,50.85,53.66,58.37,69.74
5,2,12-24,32.5,10.92,20.81,24.45,28.34,34.96,41.81,47.84,54.52,57.80,61.74,72.20
5,2,12-24,35,13.37,23.19,26.86,30.96,38.12,45.36,51.29,58.47,62.43,65.66,75.58
5,2,12-24,37.5,16.56,25.93,29.67,33.89,41.58,49.13,55.04,62.51,67.02,69.82,79.41
5,2,12-24,40,20.51,29.39,33.11,37.39,45.25,52.99,58.88,66.47,70.83,73.80,83.14
5,2,12-24,42.5,25.13,33.72,37.45,41.65,49.53,56.87,62.49,70.38,74.33,77.34,86.57
5,2,12-24,45,30.05,38.55,42.26,46.45,54.23,60.97,66.19,73.98,77.34,80.32,89.70
5,2,12-24,47.5,34.85,43.59,47.15,51.26,58.84,64.86,69.87,77.22,79.81,82.73,91.80
5,2,12-24,50,39.56,48.82,52.11,56.13,63.46,68.71,73.36,80.21,82.20,84.82,93.31
5,2,12-24,52.5,43.71,53.41,56.70,60.51,67.66,72.28,76.46,82.91,84.71,87.03,94.51
5,2,12-24,55,47.28,57.29,60.66,64.23,71.05,75.46,79.46,85.30,87.13,89.20,95.43
5,2,12-24,57.5,50.34,60.47,64.13,67.29,73.82,78.13,82.02,87.37,89.31,91.08,96.21
5,2,12-24,60,53.19,63.27,67.47,70.17,76.30,80.62,84.30,89.26,91.29,92.75,97.02
5,2,12-24,62.5,55.23,65.60,70.12,72.44,78.07,82.38,86.02,90.64,92.76,94.06,97.60
5,2,12-24,65,57.33,67.93,72.57,74.64,79.72,83.90,87.52,91.71,93.84,95.05,98.05
5,2,12-24,67.5,59.18,69.98,74.61,76.48,81.13,85.04,88.63,92.43,94.48,95.60,98.41
5,2,12-24,70,61.12,72.19,76.55,78.29,82.50,86.06,89.59,93.07,95.07,96.20,98.62
5,2,12-24,72.5,63.07,74.40,78.20,79.92,83.71,86.88,90.27,93.52,95.47,96.66,98.70
5,2,12-24,75,65.81,76.63,80.09,81.76,85.33,88.13,91.17,94.17,95.94,97.17,98.86
5,2,12-24,77.5,68.82,78.86,81.92,83.51,87.03,89.47,92.12,94.84,96.39,97.61,98.97
5,2,12-24,80,72.23,81.21,83.91,85.46,88.94,91.15,93.29,95.64,96.94,98.13,99.13
5,2,12-24,82.5,75.74,83.50,85.96,87.44,90.83,92.85,94.49,96.43,97.42,98.49,99.28
5,2,12-24,85,78.99,85.82,88.13,89.48,92.74,94.53,95.74,97.24,97.95,98.80,99.44
5,2,12-24,87.5,81.99,88.14,90.33,91.51,94.46,95.95,96.86,97.95,98.43,99.06,99.57
5,2,12-24,90,84.68,90.45,92.53,93.53,96.00,97.18,97.82,98.55,98.88,99.30,99.71
5,2,12-24,92.5,87.48,92.76,94.70,95.50,97.30,98.13,98.57,99.04,99.25,99.50,99.81
5,2,12-24,95,90.46,95.09,96.87,97.46,98.44,98.93,99.19,99.45,99.58,99.71,99.90
5,2,12-24,97.5,93.86,97.43,99.05,99.26,99.48,99.63,99.72,99.80,99.85,99.92,99.97
5,2,24-72,2.5,0.58,1.00,1.63,2.06,3.56,5.17,8.55,10.80,13.21,16.13,23.03
5,2,24-72,5,1.00,2.25,3.46,4.36,7.15,12.94,21.47,25.29,28.20,31.59,39.15
5,2,24-72,7.5,1.39,3.32,4.91,6.21,10.02,19.01,31.96,38.31,41.91,45.45,53.21
5,2,24-72,10,1.77,4.20,6.00,7.52,11.92,23.19,39.23,48.90,53.16,57.18,64.63
5,2,24-72,12.5,2.10,4.81,6.61,8.18,12.72,24.49,41.80,55.21,60.36,65.60,73.11
5,2,24-72,15,2.44,5.37,6.97,8.61,13.36,24.70,42.80,57.80,64.26,70.64,78.39
5,2,24-72,17.5,2.77,5.87,7.21,8.82,13.98,24.90,43.20,58.20,65.16,72.68,81.27
5,2,24-72,20,3.21,6.57,7.80,9.48,15.37,25.20,43.50,58.30,65.40,72.70,82.81
5,2,24-72,22.5,3.71,7.29,8.47,10.27,16.93,25.70,43.70,58.40,65.60,72.75,82.90
5,2,24-72,25,4.36,8.21,9.43,11.44,19.24,27.20,44.00,58.50,65.80,72.80,82.95
5,2,24-72,27.5,5.17,9.25,10.66,12.81,21.36,29.32,44.40,58.60,66.00,72.85,83.00
5,2,24-72,30,6.31,10.57,12.16,14.56,23.69,32.28,44.70,58.70,66.20,72.90,83.20
5,2,24-72,32.5,7.82,12.24,13.85,16.29,25.34,35.01,45.40,58.80,66.40,72.95,83.40
5,2,24-72,35,9.92,14.74,16.46,18.96,27.88,38.03,46.50,59.00,66.60,73.00,83.60
5,2,24-72,37.5,12.86,18.31,20.16,22.71,30.94,41.06,48.26,59.20,66.80,73.02,83.80
5,2,24-72,40,16.79,22.99,25.04,27.70,35.03,44.37,51.47,60.30,67.00,73.04,84.00
5,2,24-72,42.5,21.57,28.78,31.06,33.68,39.72,47.93,54.74,62.35,68.20,73.06,84.10
5,2,24-72,45,27.00,35.19,37.80,40.47,45.42,51.93,58.41,65.53,70.01,74.00,84.20
5,2,24-72,47.5,33.09,41.67,44.44,47.06,51.11,56.22,62.21,69.08,73.00,75.57,85.00
5,2,24-72,50,39.16,47.69,50.67,53.15,56.70,60.84,66.52,72.96,76.23,78.17,86.19
5,2,24-72,52.5,44.85,53.16,56.18,58.47,62.07,65.63,70.89,76.76,79.41,80.88,88.04
5,2,24-72,55,50.14,57.75,60.82,63.07,67.19,70.62,75.50,80.64,82.80,84.09,90.00
5,2,24-72,57.5,54.87,61.90,65.01,67.27,72.13,75.55,79.99,84.46,86.22,87.29,92.11
5,2,24-72,60,58.42,65.70,69.04,71.42,76.84,80.21,84.32,88.10,89.56,90.43,94.22
5,2,24-72,62.5,60.61,68.94,72.38,74.82,80.76,84.16,87.96,91.31,92.49,93.21,95.93
5,2,24-72,65,61.79,71.39,75.02,77.87,83.90,87.36,90.85,93.80,94.79,95.38,97.17
5,2,24-72,67.5,62.00,72.93,77.03,80.20,86.20,89.68,92.89,95.53,96.32,96.78,97.97
5,2,24-72,70,62.50,73.23,77.92,81.44,87.25,91.00,94.06,96.58,97.20,97.66,98.42
5,2,24-72,72.5,63.00,73.70,78.00,81.49,87.30,91.48,94.51,96.98,97.53,98.02,98.59
5,2,24-72,75,63.50,74.00,78.25,81.70,87.50,91.61,94.61,97.02,97.61,98.11,98.71
5,2,24-72,77.5,64.00,74.50,78.50,81.90,87.70,91.80,94.80,97.03,97.65,98.17,98.82
5,2,24-72,80,64.50,75.00,78.75,82.10,87.90,92.00,95.00,97.05,97.69,98.22,98.92
5,2,24-72,82.5,65.80,75.50,79.00,82.30,88.10,92.20,95.20,97.08,97.79,98.32,99.03
5,2,24-72,85,67.77,76.00,79.40,82.50,88.30,92.40,95.40,97.26,97.97,98.48,99.15
5,2,24-72,87.5,70.42,76.89,80.00,83.20,88.50,92.60,95.60,97.54,98.21,98.68,99.28
5,2,24-72,90,73.67,80.13,82.50,85.09,89.20,92.93,95.94,97.89,98.49,98.91,99.41
5,2,24-72,92.5,78.19,84.25,86.26,88.39,91.19,94.34,96.73,98.32,98.81,99.19,99.55
5,2,24-72,95,84.02,88.96,90.59,92.21,93.96,96.16,97.56,98.75,99.13,99.51,99.69
5,2,24-72,97.5,90.76,94.20,95.32,96.27,96.89,98.17,98.43,99.19,99.45,99.84,99.90
5,2,0-72,2.5,0.12,0.68,0.87,1.05,1.99,2.81,5.01,5.58,7.40,9.28,15.86
5,2,0-72,5,0.89,2.10,2.56,3.01,4.41,5.89,8.79,13.14,16.42,20.38,30.59
5,2,0-72,7.5,1.63,3.45,4.19,4.91,6.78,8.89,12.58,20.02,24.47,29.98,43.53
5,2,0-72,10,2.25,4.70,5.75,6.77,9.08,11.82,16.06,25.73,30.65,37.27,53.80
5,2,0-72,12.5,2.81,5.79,7.17,8.47,11.27,14.60,19.17,30.06,34.82,42.61,61.15
5,2,0-72,15,3.37,6.82,8.60,10.24,13.50,17.32,22.12,33.15,37.65,46.16,65.51
5,2,0-72,17.5,3.80,7.69,9.89,11.84,15.67,19.93,24.78,35.19,39.43,48.41,67.30
5,2,0-72,20,4.27,8.63,11.28,13.60,18.06,22.61,27.37,37.07,40.94,49.96,68.04
5,2,0-72,22.5,4.86,9.56,12.66,15.40,20.64,25.34,30.25,39.17,42.90,51.95,68.63
5,2,0-72,25,5.65,10.71,14.24,17.49,23.51,28.36,33.54,41.96,45.60,54.13,69.42
5,2,0-72,27.5,6.63,12.02,15.81,19.48,26.40,31.47,36.93,45.22,48.83,56.48,70.71
5,2,0-72,30,8.01,13.70,17.75,21.86,29.47,34.77,40.57,48.86,52.30,59.20,72.44
5,2,0-72,32.5,9.86,15.67,19.81,24.25,32.39,38.14,44.24,52.49,55.91,62.25,74.41
5,2,0-72,35,12.27,18.34,22.42,26.98,35.39,41.69,48.04,56.45,59.76,65.42,76.69
5,2,0-72,37.5,15.34,21.81,25.84,30.26,38.73,45.34,51.83,60.27,63.54,68.64,79.03
5,2,0-72,40,19.26,26.21,30.21,34.42,42.53,49.29,55.72,64.11,67.21,71.72,81.40
5,2,0-72,42.5,23.91,31.46,35.27,39.12,46.60,53.27,59.54,67.83,70.79,74.61,83.69
5,2,0-72,45,28.91,37.28,40.99,44.39,51.10,57.39,63.44,71.47,74.19,77.51,85.88
5,2,0-72,47.5,34.16,43.06,46.63,49.71,55.72,61.42,67.21,74.50,77.07,80.14,87.66
5,2,0-72,50,39.48,48.58,51.91,54.75,60.16,65.46,70.99,77.36,79.72,82.54,89.26
5,2,0-72,52.5,44.37,53.49,56.54,59.21,64.23,69.27,74.58,80.05,82.31,84.86,90.80
5,2,0-72,55,48.94,57.70,60.59,63.18,68.11,73.09,78.01,82.74,84.90,87.17,92.35
5,2,0-72,57.5,53.18,61.53,64.25,66.84,71.79,76.77,81.16,85.26,87.36,89.35,93.84
5,2,0-72,60,56.77,65.16,67.78,70.32,75.31,80.35,84.19,87.83,89.83,91.51,95.30
5,2,0-72,62.5,59.46,68.22,70.81,73.34,78.32,83.34,86.69,90.07,92.04,93.41,96.51
5,2,0-72,65,61.64,70.99,73.63,76.14,81.08,85.85,88.80,91.93,93.77,94.94,97.43
5,2,0-72,67.5,63.07,73.39,76.11,78.55,83.35,87.80,90.53,93.33,94.99,96.00,98.04
5,2,0-72,70,63.99,75.23,78.08,80.45,85.08,89.24,91.86,94.42,95.91,96.79,98.41
5,2,0-72,72.5,64.97,76.58,79.63,81.90,86.31,90.23,92.74,95.16,96.44,97.23,98.61
5,2,0-72,75,66.23,77.91,81.13,83.34,87.53,91.15,93.56,95.79,96.83,97.57,98.77
5,2,0-72,77.5,67.72,79.17,82.48,84.63,88.60,92.03,94.29,96.32,97.17,97.84,98.91
5,2,0-72,80,69.70,80.44,83.76,85.91,89.70,92.90,94.96,96.82,97.51,98.14,99.06
5,2,0-72,82.5,72.19,81.92,85.14,87.28,90.89,93.81,95.68,97.28,97.83,98.40,99.22
5,2,0-72,85,74.73,83.66,86.61,88.74,92.20,94.75,96.45,97.74,98.18,98.67,99.39
5,2,0-72,87.5,77.60,85.69,88.28,90.31,93.52,95.69,97.17,98.16,98.50,98.92,99.56
5,2,0-72,90,80.89,87.89,90.08,91.99,94.89,96.66,97.87,98.59,98.84,99.17,99.70
5,2,0-72,92.5,84.74,90.57,92.29,93.89,96.27,97.64,98.53,99.01,99.20,99.42,99.82
5,2,0-72,95,89.04,93.60,94.80,95.95,97.69,98.63,99.14,99.42,99.59,99.69,99.92
5,2,0-72,97.5,93.87,96.80,97.48,98.15,99.11,99.65,99.71,99.85,99.92,99.98,100.00
5,3,0-6,2.5,0.36,0.55,0.61,0.90,1.36,1.83,2.67,4.23,4.50,5.31,8.71
5,3,0-6,5,0.65,1.34,1.65,1.82,3.51,4.78,6.28,8.21,9.10,9.98,16.51
5,3,0-6,7.5,0.97,2.08,2.61,3.25,5.64,7.58,9.65,11.87,13.20,14.25,23.06
5,3,0-6,10,1.26,2.89,3.62,4.61,7.83,10.17,12.87,15.32,17.17,18.29,27.59
5,3,0-6,12.5,1.56,3.80,4.74,6.06,10.08,12.58,15.68,18.37,20.52,21.74,31.07
5,3,0-6,15,1.90,4.73,5.88,7.51,11.99,14.73,18.11,21.08,23.48,24.81,32.91
5,3,0-6,17.5,2.00,5.68,7.02,8.89,13.64,16.49,19.97,23.43,25.64,27.37,34.75
5,3,0-6,20,2.50,6.65,8.18,10.16,14.78,17.78,21.45,25.52,27.65,29.68,36.57
5,3,0-6,22.5,3.00,7.78,9.49,11.63,15.92,19.02,22.63,27.17,29.11,31.50,38.55
5,3,0-6,25,3.50,8.87,10.82,13.07,16.96,20.16,23.83,28.62,30.55,33.32,40.87
5,3,0-6,27.5,4.00,9.92,12.12,14.47,17.92,21.21,24.89,29.85,31.75,34.95,43.93
5,3,0-6,30,4.50,11.15,13.51,15.90,18.80,22.38,26.00,30.90,33.43,37.21,47.51
5,3,0-6,32.5,5.00,12.58,14.97,17.49,20.29,24.10,27.40,31.93,35.44,39.88,50.89
5,3,0-6,35,6.50,13.90,16.33,18.77,21.67,25.85,28.78,33.03,37.60,42.83,54.47
5,3,0-6,37.5,8.00,15.37,17.72,20.08,23.04,27.71,30.50,34.60,40.06,45.77,58.05
5,3,0-6,40,9.50,17.22,19.18,21.49,24.94,30.11,32.35,36.11,42.86,49.40,61.80
5,3,0-6,42.5,11.00,19.29,21.00,22.96,27.45,32.99,34.47,38.31,45.82,52.98,65.26
5,3,0-6,45,12.50,21.58,23.09,24.76,29.97,35.87,37.19,41.38,49.10,56.78,68.77
5,3,0-6,47.5,14.00,24.36,25.65,27.31,32.91,39.14,40.66,45.36,52.84,60.92,72.16
5,3,0-6,50,15.50,27.48,28.21,30.09,36.41,42.69,44.50,50.02,57.08,65.32,75.53
5,3,0-6,52.5,18.47,30.74,31.37,33.33,40.23,46.20,49.04,55.53,62.14,69.14,78.24
5,3,0-6,55,20.69,34.07,34.85,37.33,44.08,49.71,53.84,60.77,66.87,72.66,80.94
5,3,0-6,57.5,21.50,37.50,38.57,41.47,48.19,53.43,58.49,65.76,71.43,75.76,83.29
5,3,0-6,60,22.00,40.77,42.40,45.70,52.47,57.12,62.97,70.20,75.55,78.46,85.38
5,3,0-6,62.5,23.50,44.13,46.76,50.17,56.69,60.77,67.13,73.85,78.87,80.63,86.75
5,3,0-6,65,26.00,47.54,50.97,54.65,60.83,64.45,70.94,76.99,80.99,82.52,88.25
5,3,0-6,67.5,28.40,51.10,55.09,58.95,64.88,67.97,74.44,79.65,82.90,84.15,89.38
5,3,0-6,70,31.50,54.80,59.23,63.20,68.81,71.49,77.64,81.93,84.34,85.53,90.35
5,3,0-6,72.5,38.29,59.50,63.93,67.59,72.72,75.06,80.62,84.15,85.94,86.91,91.41
5,3,0-6,75,47.71,64.39,68.74,71.94,76.41,78.56,83.35,86.18,87.62,88.48,92.65
5,3,0-6,77.5,56.81,69.58,73.48,76.12,79.72,81.83,85.89,88.06,89.42,90.22,93.89
5,3,0-6,80,64.42,74.65,77.90,79.98,82.92,84.99,88.18,90.05,91.11,91.80,95.10
5,3,0-6,82.5,71.38,79.66,82.17,83.69,85.97,87.93,90.39,91.94,92.86,93.44,96.29
5,3,0-6,85,76.98,83.59,85.54,86.79,88.57,90.47,92.39,93.64,94.38,94.88,97.28
5,3,0-6,87.5,82.01,87.19,88.56,89.66,91.04,92.80,94.22,95.20,95.77,96.18,98.14
5,3,0-6,90,86.26,90.32,91.37,92.28,93.37,94.86,95.82,96.54,96.98,97.31,98.81
5,3,0-6,92.5,90.47,93.30,94.07,94.72,95.50,96.61,97.28,97.76,98.04,98.29,99.31
5,3,0-6,95,94.53,96.09,96.62,96.96,97.48,98.10,98.49,98.79,98.94,99.09,99.64
5,3,0-6,97.5,98.54,98.97,99.10,99.20,99.35,99.46,99.51,99.63,99.71,99.79,99.91
5,3,6-12,2.5,0.43,0.69,0.75,0.83,1.42,2.32,2.76,3.23,4.17,4.73,5.83
5,3,6-12,5,0.78,1.74,1.96,2.30,3.20,4.35,5.14,6.99,8.01,8.82,10.90
5,3,6-12,7.5,1.13,2.69,3.22,3.79,4.93,6.32,7.41,10.42,11.65,12.79,15.80
5,3,6-12,10,1.48,3.57,4.46,5.23,6.72,8.35,9.82,13.56,15.33,16.90,20.60
5,3,6-12,12.5,1.82,4.42,5.70,6.64,8.45,10.29,12.04,16.24,18.76,20.66,25.20
5,3,6-12,15,2.17,5.15,6.85,7.93,10.02,12.17,14.46,18.95,22.14,24.60,29.54
5,3,6-12,17.5,2.52,5.74,7.89,9.09,11.39,13.85,16.83,21.42,25.21,28.22,33.42
5,3,6-12,20,2.87,6.31,8.83,10.05,12.62,15.52,19.58,24.04,28.33,31.90,37.24
5,3,6-12,22.5,3.21,6.91,9.71,10.94,13.55,16.91,22.31,26.40,30.86,35.23,40.51
5,3,6-12,25,3.59,7.52,10.47,11.70,14.36,18.26,25.45,28.79,33.16,38.59,43.41
5,3,6-12,27.5,3.95,8.11,11.12,12.32,15.12,19.32,27.58,30.80,34.98,40.81,45.86
5,3,6-12,30,4.32,8.65,11.58,12.74,15.72,20.16,29.19,32.46,36.58,42.39,47.77
5,3,6-12,32.5,4.68,9.14,12.01,13.18,16.30,20.84,29.94,33.67,37.48,43.08,49.14
5,3,6-12,35,5.00,9.56,12.19,13.41,16.98,21.44,30.05,34.48,38.11,43.16,50.05
5,3,6-12,37.5,5.25,9.99,12.30,13.65,17.80,21.87,30.20,34.69,38.71,43.50,50.50
5,3,6-12,40,5.62,10.62,12.52,13.96,18.81,22.50,30.50,34.72,39.33,44.00,50.74
5,3,6-12,42.5,5.92,11.37,13.05,14.69,20.10,23.54,30.80,34.83,39.90,44.50,51.25
5,3,6-12,45,6.32,12.23,13.93,15.83,21.62,24.70,31.00,35.38,41.05,45.00,52.35
5,3,6-12,47.5,6.88,13.50,15.35,17.64,23.47,26.55,31.60,36.80,42.88,46.00,54.66
5,3,6-12,50,7.73,14.97,17.18,19.81,25.60,28.98,34.00,39.25,45.19,47.81,57.78
5,3,6-12,52.5,8.76,16.74,19.50,22.64,28.09,31.93,36.89,42.64,48.00,51.41,61.85
5,3,6-12,55,10.27,19.06,22.25,25.67,31.10,35.49,40.51,46.76,51.58,55.46,66.44
5,3,6-12,57.5,11.99,21.80,25.36,28.73,34.47,39.64,44.47,51.19,55.66,59.79,70.90
5,3,6-12,60,14.23,24.82,28.61,31.98,38.29,44.05,48.87,55.78,60.01,64.23,74.84
5,3,6-12,62.5,16.41,28.33,32.24,35.84,42.57,48.82,53.62,60.62,64.61,68.90,78.59
5,3,6-12,65,18.33,32.24,36.23,39.92,47.24,53.90,58.72,65.47,69.40,73.26,81.82
5,3,6-12,67.5,21.02,36.62,40.66,44.60,52.24,58.86,63.83,70.30,73.93,77.46,84.72
5,3,6-12,70,25.01,41.74,45.61,50.04,57.78,64.01,69.02,75.19,78.26,81.37,87.41
5,3,6-12,72.5,29.81,47.50,51.22,56.02,63.48,69.29,74.22,79.88,82.33,84.96,89.90
5,3,6-12,75,36.13,53.87,57.39,62.14,69.36,74.50,78.97,83.94,85.85,87.95,92.04
5,3,6-12,77.5,44.42,60.85,64.04,68.48,75.06,79.37,83.15,87.41,88.88,90.55,93.99
5,3,6-12,80,52.99,67.87,70.72,74.60,80.39,83.94,86.82,90.22,91.39,92.67,95.54
5,3,6-12,82.5,61.18,74.47,76.95,80.14,85.00,87.88,89.93,92.48,93.37,94.39,96.75
5,3,6-12,85,69.06,80.37,82.53,84.89,88.90,91.06,92.36,94.20,94.93,95.71,97.63
5,3,6-12,87.5,76.42,85.48,87.24,88.89,91.97,93.55,94.37,95.65,96.21,96.82,98.31
5,3,6-12,90,82.61,89.55,90.92,92.07,94.37,95.50,96.02,96.86,97.26,97.69,98.77
5,3,6-12,92.5,88.00,92.83,93.82,94.63,96.25,97.02,97.39,97.90,98.16,98.46,99.17
5,3,6-12,95,92.75,95.65,96.28,96.78,97.81,98.27,98.50,98.76,98.92,99.14,99.52
5,3,6-12,97.5,97.09,98.28,98.52,98.73,99.22,99.36,99.47,99.55,99.63,99.80,99.86
5,3,12-24,2.5,0.25,0.58,0.83,1.11,1.60,1.53,2.77,3.12,3.34,4.33,7.35
5,3,12-24,5,0.78,1.47,1.89,2.32,2.93,3.55,4.81,5.86,6.93,8.54,13.35
5,3,12-24,7.5,1.21,2.33,2.93,3.52,4.28,5.41,6.83,8.50,10.20,12.20,18.69
5,3,12-24,10,1.51,3.07,3.98,4.70,5.66,7.08,8.91,11.03,13.28,15.41,23.30
5,3,12-24,12.5,1.68,3.75,4.97,5.81,7.06,8.68,10.94,13.42,16.02,17.99,26.98
5,3,12-24,15,1.70,4.30,5.73,6.68,8.42,10.20,12.74,15.73,18.09,19.89,29.28
5,3,12-24,17.5,1.60,4.74,6.29,7.41,9.69,11.59,14.40,17.78,19.81,21.53,30.81
5,3,12-24,20,1.51,5.00,6.64,7.92,10.87,13.09,15.89,19.44,21.20,22.93,31.87
5,3,12-24,22.5,1.46,5.25,6.85,8.23,11.89,14.59,17.18,20.88,22.28,24.24,32.62
5,3,12-24,25,1.43,5.31,6.84,8.32,12.52,15.65,18.18,22.12,23.24,25.45,33.31
5,3,12-24,27.5,1.49,5.41,6.90,8.44,12.85,16.46,19.12,23.08,24.22,26.69,34.20
5,3,12-24,30,1.65,5.42,6.81,8.27,12.75,16.91,19.69,23.92,25.05,27.66,35.06
5,3,12-24,32.5,1.79,5.51,6.82,8.19,12.33,16.78,20.00,24.69,25.88,28.58,36.06
5,3,12-24,35,2.00,5.55,6.78,8.13,11.94,16.59,20.10,25.44,26.77,29.24,37.05
5,3,12-24,37.5,2.27,5.76,6.94,8.29,11.76,16.72,20.27,26.03,27.62,29.93,38.10
5,3,12-24,40,2.53,5.95,7.10,8.49,11.86,16.79,20.29,26.66,28.55,30.54,39.19
5,3,12-24,42.5,3.01,6.52,7.78,9.41,12.71,17.31,20.84,27.48,29.73,31.47,40.50
5,3,12-24,45,3.89,7.40,8.69,10.64,14.11,18.80,22.25,29.00,31.43,33.05,42.02
5,3,12-24,47.5,5.12,8.88,10.25,12.60,16.16,21.00,24.61,31.20,33.88,35.67,44.71
5,3,12-24,50,6.70,10.91,12.38,15.23,19.16,24.08,28.15,34.80,37.70,39.71,48.74
5,3,12-24,52.5,9.09,13.96,15.64,18.99,23.24,28.57,33.21,39.45,42.51,45.15,54.54
5,3,12-24,55,11.99,17.73,19.57,23.26,28.11,34.04,39.22,45.14,48.39,51.73,61.62
5,3,12-24,57.5,15.09,22.04,24.45,28.38,34.01,40.12,45.73,51.44,55.01,58.93,69.62
5,3,12-24,60,18.64,26.63,29.59,33.67,40.36,46.59,52.38,58.01,61.82,66.00,76.96
5,3,12-24,62.5,22.51,31.64,35.08,39.14,46.60,53.01,58.84,64.08,67.96,72.22,83.08
5,3,12-24,65,26.34,36.52,40.19,44.23,52.30,58.92,64.74,69.77,73.60,77.32,87.56
5,3,12-24,67.5,30.13,41.49,45.26,49.21,57.34,64.10,69.91,74.65,78.27,81.30,90.65
5,3,12-24,70,34.52,46.41,49.87,53.86,61.73,68.66,74.36,78.65,81.84,84.21,92.44
5,3,12-24,72.5,39.22,51.39,55.00,58.72,65.84,72.71,78.29,81.92,84.58,86.43,93.85
5,3,12-24,75,44.56,56.23,60.07,63.56,69.95,76.38,81.57,84.64,86.80,88.30,95.00
5,3,12-24,77.5,50.26,61.09,65.29,68.49,74.18,79.74,84.28,86.78,88.54,90.00,95.97
5,3,12-24,80,56.56,65.84,70.23,73.18,78.37,82.99,86.71,88.75,90.15,91.61,96.79
5,3,12-24,82.5,62.67,70.67,75.12,77.65,82.26,85.89,88.96,90.70,91.87,93.32,97.56
5,3,12-24,85,68.55,75.34,79.26,81.57,85.66,88.46,90.92,92.52,93.55,94.94,98.13
5,3,12-24,87.5,73.97,79.94,83.14,85.19,88.63,90.76,92.77,94.24,95.14,96.31,98.61
5,3,12-24,90,79.18,84.37,86.75,88.44,91.18,92.85,94.57,95.86,96.56,97.47,99.01
5,3,12-24,92.5,84.00,88.58,90.33,91.63,93.59,94.79,96.18,97.24,97.77,98.43,99.35
5,3,12-24,95,88.73,92.69,93.90,94.84,95.96,96.73,97.65,98.38,98.72,99.13,99.66
5,3,12-24,97.5,93.48,96.85,97.54,98.05,98.37,98.67,99.06,99.40,99.53,99.70,99.95
5,3,24-72,2.5,0.54,1.16,1.47,1.73,2.00,2.55,3.48,4.57,5.16,5.94,10.33
5,3,24-72,5,1.43,2.70,3.08,3.53,4.63,5.22,6.86,8.55,9.24,10.42,15.02
5,3,24-72,7.5,2.18,4.05,4.54,5.25,7.12,7.72,10.07,12.34,13.15,14.63,19.21
5,3,24-72,10,2.80,5.27,5.92,6.87,9.29,9.87,13.01,15.88,16.99,18.58,23.20
5,3,24-72,12.5,3.35,6.37,7.19,8.32,11.04,11.65,15.53,18.91,20.44,22.18,26.75
5,3,24-72,15,3.77,7.33,8.35,9.70,12.45,13.30,17.74,21.46,23.48,25.20,29.61
5,3,24-72,17.5,4.09,8.11,9.31,10.85,13.66,14.75,19.72,23.62,25.98,27.65,31.92
5,3,24-72,20,4.46,8.85,10.21,11.82,14.79,16.15,21.45,25.44,28.00,29.62,34.08
5,3,24-72,22.5,4.87,9.50,10.96,12.63,15.85,17.66,23.05,27.01,29.39,31.08,36.29
5,3,24-72,25,5.24,10.01,11.58,13.32,16.97,19.30,24.62,28.54,30.62,32.15,38.30
5,3,24-72,27.5,5.64,10.43,12.12,13.87,18.22,20.99,26.08,30.02,31.77,33.17,40.40
5,3,24-72,30,6.05,10.85,12.61,14.35,19.39,22.66,27.52,31.43,33.06,34.38,42.46
5,3,24-72,32.5,6.44,11.21,13.06,14.75,20.33,24.18,28.80,32.79,34.53,35.76,44.44
5,3,24-72,35,6.68,11.47,13.39,15.01,21.02,25.44,29.90,33.95,36.04,37.26,46.22
5,3,24-72,37.5,6.92,11.76,13.67,15.24,21.25,26.17,30.77,35.06,37.34,38.70,48.07
5,3,24-72,40,7.09,12.08,13.96,15.49,21.40,26.27,31.23,35.85,38.27,39.90,49.13
5,3,24-72,42.5,7.33,12.56,14.46,15.99,21.60,26.48,31.51,36.48,38.90,40.81,49.82
5,3,24-72,45,7.83,13.78,15.60,17.29,22.20,27.22,32.37,37.51,39.75,42.00,51.30
5,3,24-72,47.5,8.83,16.11,18.05,19.90,23.85,28.91,34.20,39.64,41.83,44.27,53.51
5,3,24-72,50,10.21,19.43,21.67,23.66,27.05,32.02,37.16,42.78,45.29,47.94,56.89
5,3,24-72,52.5,11.95,23.09,25.61,28.21,31.38,36.70,41.65,47.33,50.15,52.92,62.08
5,3,24-72,55,13.91,26.55,29.62,32.87,36.16,41.68,46.96,52.81,55.98,59.07,68.57
5,3,24-72,57.5,15.82,29.36,33.40,37.02,40.93,46.78,52.36,58.47,62.11,65.54,74.54
5,3,24-72,60,17.65,31.22,36.29,40.29,45.33,51.26,57.17,63.45,67.44,71.17,79.75
5,3,24-72,62.5,19.28,32.59,38.53,43.19,49.39,55.42,61.68,68.02,71.93,75.82,83.91
5,3,24-72,65,20.93,34.27,40.84,45.74,52.92,59.04,65.59,71.97,75.71,79.61,87.21
5,3,24-72,67.5,22.55,37.11,43.78,48.85,56.44,63.14,69.43,75.75,79.27,82.76,89.80
5,3,24-72,70,24.12,39.98,46.64,52.00,59.83,66.73,72.98,79.22,82.46,85.45,92.30
5,3,24-72,72.5,25.88,43.17,49.73,55.19,63.25,70.44,76.48,82.49,85.29,87.98,94.36
5,3,24-72,75,27.80,46.34,52.75,57.89,66.61,73.64,79.40,85.13,87.72,90.29,95.91
5,3,24-72,77.5,30.19,49.79,56.12,60.81,70.10,76.65,82.04,87.47,89.84,92.32,96.98
5,3,24-72,80,33.27,52.83,59.32,63.49,73.45,79.00,84.18,89.24,91.39,93.88,97.54
5,3,24-72,82.5,38.07,57.19,63.39,67.16,76.94,81.68,86.29,90.78,92.65,95.10,97.79
5,3,24-72,85,44.29,62.24,67.94,71.47,80.34,84.23,88.37,92.31,93.99,96.12,98.04
5,3,24-72,87.5,52.29,68.24,73.24,76.55,83.81,86.93,90.55,93.93,95.32,96.96,98.40
5,3,24-72,90,61.48,74.67,78.89,81.79,87.38,89.67,92.66,95.39,96.50,97.66,98.83
5,3,24-72,92.5,71.68,81.68,84.95,87.31,91.02,92.62,94.82,96.78,97.57,98.30,99.20
5,3,24-72,95,81.65,88.52,90.83,92.59,94.68,95.58,96.95,98.10,98.57,98.89,99.54
5,3,24-72,97.5,91.69,95.59,96.83,97.80,98.34,98.66,99.05,99.34,99.47,99.66,99.85
5,3,0-72,2.5,0.45,0.89,1.04,1.35,1.95,2.51,2.73,3.68,4.35,5.13,8.13
5,3,0-72,5,0.96,2.11,2.42,2.92,3.87,4.73,6.02,7.58,8.49,9.65,13.25
5,3,0-72,7.5,1.42,3.22,3.70,4.48,5.72,6.86,9.05,11.28,12.41,13.86,17.94
5,3,0-72,10,1.81,4.24,4.89,6.03,7.57,8.96,11.78,14.68,16.17,17.89,22.26
5,3,0-72,12.5,2.21,5.23,6.04,7.48,9.29,10.92,14.10,17.53,19.38,21.42,26.05
5,3,0-72,15,2.59,6.08,7.09,8.77,10.86,12.76,16.08,19.97,22.23,24.45,29.37
5,3,0-72,17.5,2.91,6.77,8.00,9.90,12.23,14.41,17.79,22.09,24.60,26.86,32.21
5,3,0-72,20,3.22,7.36,8.81,10.82,13.44,15.95,19.42,23.92,26.65,28.92,34.87
5,3,0-72,22.5,3.56,7.91,9.55,11.56,14.48,17.34,20.92,25.50,28.16,30.43,37.16
5,3,0-72,25,3.80,8.26,10.11,12.12,15.36,18.66,22.47,27.12,29.72,31.79,39.21
5,3,0-72,27.5,4.08,8.60,10.60,12.63,16.20,19.91,23.99,28.66,31.07,33.06,41.07
5,3,0-72,30,4.32,8.87,11.01,12.99,16.87,21.05,25.42,30.05,32.38,34.41,42.74
5,3,0-72,32.5,4.61,9.19,11.40,13.30,17.42,22.08,26.66,31.27,33.61,35.77,44.15
5,3,0-72,35,4.82,9.43,11.67,13.52,17.85,22.89,27.77,32.33,34.84,37.10,45.40
5,3,0-72,37.5,5.12,9.77,11.95,13.77,18.25,23.45,28.57,33.15,35.82,38.22,46.48
5,3,0-72,40,5.39,10.08,12.23,14.07,18.53,23.77,29.16,33.80,36.67,39.16,47.38
5,3,0-72,42.5,5.84,10.76,12.79,14.64,19.08,24.24,29.81,34.44,37.43,39.99,48.28
5,3,0-72,45,6.48,11.69,13.81,15.78,20.20,25.14,30.91,35.58,38.65,41.18,49.80
5,3,0-72,47.5,7.51,13.41,15.66,17.88,22.26,27.11,32.80,37.64,40.73,43.41,52.46
5,3,0-72,50,8.84,15.60,18.24,20.87,25.31,30.15,35.79,40.81,43.90,46.95,56.44
5,3,0-72,52.5,10.53,18.38,21.56,24.66,29.40,34.37,39.86,45.08,48.21,51.71,61.64
5,3,0-72,55,12.45,21.32,25.17,28.80,33.99,39.28,44.68,50.19,53.50,57.47,67.86
5,3,0-72,57.5,14.51,24.65,28.99,33.03,38.71,44.53,49.78,55.65,59.08,63.58,74.03
5,3,0-72,60,16.71,27.86,32.65,37.04,43.31,49.48,54.82,60.88,64.42,69.14,79.32
5,3,0-72,62.5,19.05,31.39,36.44,40.92,47.76,54.35,59.79,65.76,69.36,73.95,83.56
5,3,0-72,65,21.52,35.03,40.19,44.63,51.95,58.90,64.48,70.24,73.76,77.99,86.82
5,3,0-72,67.5,24.30,39.09,44.34,48.71,56.30,63.36,68.96,74.46,77.72,81.46,89.28
5,3,0-72,70,27.37,43.30,48.61,52.94,60.73,67.56,73.24,78.29,81.19,84.40,91.37
5,3,0-72,72.5,30.78,47.90,53.17,57.40,65.13,71.75,77.26,81.74,84.27,87.06,93.22
5,3,0-72,75,34.87,52.56,57.68,61.91,69.36,75.58,80.70,84.72,86.86,89.36,94.79
5,3,0-72,77.5,39.77,57.47,62.36,66.49,73.54,79.15,83.79,87.32,89.14,91.41,96.02
5,3,0-72,80,45.21,62.39,66.89,70.87,77.36,82.29,86.47,89.43,90.99,93.04,96.91
5,3,0-72,82.5,51.52,67.46,71.50,75.22,80.97,85.28,88.87,91.31,92.67,94.42,97.51
5,3,0-72,85,58.42,72.46,75.96,79.31,84.32,87.93,91.04,93.08,94.19,95.62,97.99
5,3,0-72,87.5,65.64,77.59,80.38,83.26,87.48,90.36,93.09,94.73,95.61,96.70,98.44
5,3,0-72,90,72.88,82.58,84.68,87.09,90.36,92.62,94.88,96.17,96.81,97.58,98.86
5,3,0-72,92.5,80.35,87.50,88.96,90.82,93.17,94.86,96.48,97.44,97.86,98.34,99.23
5,3,0-72,95,87.52,92.28,93.17,94.46,95.93,97.15,97.91,98.51,98.75,99.02,99.55
5,3,0-72,97.5,94.68,96.96,97.40,98.10,98.68,98.94,99.21,99.44,99.53,99.63,99.85
5,4,0-6,2.5,,0.12,0.27,0.40,0.67,1.00,1.56,2.30,3.21,4.00,
5,4,0-6,5,,0.20,0.50,0.60,1.18,2.25,3.81,5.50,6.70,7.30,
5,4,0-6,7.5,,0.30,0.80,0.90,1.70,3.40,5.90,8.70,10.10,10.60,
5,4,0-6,10,,0.38,1.11,1.20,2.19,4.50,7.90,11.88,13.56,14.00,
5,4,0-6,12.5,,0.50,1.30,1.40,2.68,5.32,9.57,14.40,16.40,18.20,
5,4,0-6,15,,0.60,1.47,1.67,3.20,6.33,11.48,16.90,19.30,21.00,
5,4,0-6,17.5,,0.80,1.65,1.81,3.69,6.97,12.90,19.17,21.88,23.50,
5,4,0-6,20,,0.90,1.66,1.84,4.16,7.74,14.16,20.20,23.40,25.00,
5,4,0-6,22.5,,1.04,1.67,1.86,4.33,8.07,14.93,21.17,24.60,26.00,
5,4,0-6,25,,1.17,1.68,1.89,4.48,8.58,15.59,21.24,25.02,26.60,
5,4,0-6,27.5,,1.40,1.83,1.99,4.64,8.78,15.79,21.75,25.53,27.40,
5,4,0-6,30,,1.70,2.10,2.30,4.77,9.48,15.81,21.80,25.70,28.20,
5,4,0-6,32.5,,1.99,2.36,2.58,4.92,9.79,15.95,21.83,25.80,29.51,
5,4,0-6,35,,2.30,2.75,3.10,5.40,10.80,16.10,22.30,25.90,29.90,
5,4,0-6,37.5,,2.58,3.14,3.63,5.93,11.80,16.25,22.73,26.00,30.35,
5,4,0-6,40,,3.00,3.73,4.30,6.84,12.72,16.81,23.29,26.20,30.80,
5,4,0-6,42.5,,3.30,4.40,5.20,7.80,13.80,17.50,24.10,26.40,31.30,
5,4,0-6,45,,3.71,5.09,6.01,8.67,14.86,18.10,24.99,26.80,31.79,
5,4,0-6,47.5,,4.00,5.80,7.00,10.00,16.05,19.30,26.00,27.20,32.50,
5,4,0-6,50,,4.30,6.58,7.98,11.25,17.60,20.51,27.11,27.82,33.20,
5,4,0-6,52.5,,4.63,7.49,9.13,12.59,19.22,22.26,28.32,29.22,33.86,
5,4,0-6,55,,5.86,8.43,10.37,14.46,21.05,24.51,29.77,30.92,35.55,
5,4,0-6,57.5,,7.00,10.05,12.39,16.87,22.93,27.01,31.73,33.13,37.50,
5,4,0-6,60,,8.08,11.85,14.54,19.41,25.36,30.49,34.54,36.09,39.43,
5,4,0-6,62.5,,10.19,14.20,17.34,22.50,28.18,34.45,37.55,39.16,42.57,
5,4,0-6,65,,12.75,17.43,20.94,26.13,31.47,38.85,41.88,43.71,46.98,
5,4,0-6,67.5,,16.50,21.22,25.07,30.42,35.53,43.67,47.38,49.37,53.11,
5,4,0-6,70,,19.94,25.00,29.18,34.66,40.44,49.45,53.99,56.27,60.09,
5,4,0-6,72.5,,23.75,29.09,33.60,39.65,45.40,54.93,61.03,63.79,67.57,
5,4,0-6,75,,27.56,33.17,37.92,45.01,50.53,60.50,69.32,72.36,75.73,
5,4,0-6,77.5,,31.34,36.99,42.12,50.69,56.22,66.33,76.70,79.66,82.29,
5,4,0-6,80,,35.41,41.12,46.31,56.24,62.12,72.16,82.57,85.38,87.28,
5,4,0-6,82.5,,40.13,45.62,50.75,62.18,67.98,77.48,87.11,89.60,90.79,
5,4,0-6,85,,45.92,51.18,56.23,68.36,73.90,82.50,90.72,92.60,93.38,
5,4,0-6,87.5,,53.27,57.96,62.72,74.39,79.61,87.06,92.71,94.00,94.64,
5,4,0-6,90,,61.92,65.90,70.11,80.71,85.00,90.88,94.32,95.23,95.83,
5,4,0-6,92.5,,71.85,74.80,78.29,86.71,89.90,93.94,95.97,96.48,97.07,
5,4,0-6,95,,82.68,84.47,86.87,92.28,94.26,96.51,97.83,98.06,98.52,
5,4,0-6,97.5,,93.88,94.36,95.39,97.57,98.57,98.84,99.60,99.80,99.96,
5,4,6-12,2.5,0.32,0.97,1.23,1.73,3.32,4.22,4.88,7.54,8.27,9.31,12.28
5,4,6-12,5,1.36,2.49,2.86,3.73,6.07,8.37,10.72,13.59,14.33,15.49,18.58
5,4,6-12,7.5,2.41,3.99,4.49,5.74,8.81,12.51,16.04,18.71,19.46,20.77,24.17
5,4,6-12,10,3.55,5.66,6.26,7.96,11.60,16.42,20.27,22.76,23.57,25.07,28.88
5,4,6-12,12.5,4.69,7.30,8.08,10.23,14.27,19.99,23.56,25.90,26.87,28.63,32.71
5,4,6-12,15,5.90,8.96,10.04,12.59,16.96,23.02,26.35,28.57,29.65,31.54,35.58
5,4,6-12,17.5,6.81,10.72,12.06,14.93,19.22,25.38,28.36,30.47,31.80,33.89,38.18
5,4,6-12,20,8.03,12.74,14.33,17.35,21.58,27.19,30.11,32.56,34.11,36.30,40.23
5,4,6-12,22.5,8.83,14.30,16.15,19.23,23.76,28.71,31.79,34.65,36.44,38.63,41.92
5,4,6-12,25,9.70,16.00,18.01,21.03,25.94,29.97,33.23,36.50,38.43,40.50,43.15
5,4,6-12,27.5,10.21,17.44,19.72,22.64,27.38,30.95,34.34,37.96,40.08,42.00,44.07
5,4,6-12,30,10.76,18.58,21.11,23.84,28.57,31.67,35.25,39.33,41.51,43.17,44.68
5,4,6-12,32.5,10.81,19.22,22.05,24.56,28.70,32.15,35.69,40.26,42.58,44.00,45.26
5,4,6-12,35,10.86,19.84,23.01,25.22,28.80,32.63,36.19,40.95,43.19,44.35,45.61
5,4,6-12,37.5,11.10,19.97,23.37,25.40,28.96,32.87,36.46,41.20,43.39,44.47,45.81
5,4,6-12,40,11.40,20.10,23.50,25.60,29.14,32.98,36.65,41.29,43.42,44.48,45.98
5,4,6-12,42.5,11.70,20.20,23.60,25.90,29.30,33.00,36.68,41.33,43.50,44.50,46.16
5,4,6-12,45,12.00,20.30,23.80,26.20,29.50,33.06,36.81,41.37,43.65,44.60,46.94
5,4,6-12,47.5,12.20,20.40,23.90,26.40,29.70,33.09,36.87,41.41,43.75,44.70,48.27
5,4,6-12,50,12.50,20.45,24.10,26.70,29.80,33.11,36.93,41.45,43.90,44.73,50.00
5,4,6-12,52.5,12.80,20.50,24.20,26.90,30.00,33.14,37.00,41.49,44.00,45.42,51.75
5,4,6-12,55,13.10,20.60,24.40,27.20,30.20,33.16,37.06,41.53,44.11,46.30,53.51
5,4,6-12,57.5,13.30,20.70,24.50,27.50,30.40,33.19,37.12,42.36,45.07,47.35,55.87
5,4,6-12,60,13.60,20.80,24.60,27.70,30.60,33.77,37.70,43.68,46.51,48.69,58.13
5,4,6-12,62.5,13.90,20.90,24.80,28.00,30.80,34.74,38.24,44.97,47.61,49.62,59.79
5,4,6-12,65,14.20,21.00,24.90,28.20,31.00,36.03,40.12,46.65,49.04,50.89,61.78
5,4,6-12,67.5,14.40,21.10,25.00,28.50,31.10,37.75,42.13,48.29,50.41,51.88,63.96
5,4,6-12,70,14.70,21.50,25.60,28.80,32.00,40.12,44.51,50.43,52.28,53.33,65.81
5,4,6-12,72.5,15.00,23.00,27.00,30.20,34.63,43.06,47.08,52.77,54.33,55.18,67.55
5,4,6-12,75,17.00,26.57,30.71,33.81,39.28,46.85,50.66,55.79,57.19,57.98,69.72
5,4,6-12,77.5,20.71,32.59,36.59,38.86,44.73,51.34,54.71,59.46,60.80,61.68,72.65
5,4,6-12,80,25.99,38.27,41.98,43.63,50.79,56.94,60.15,64.57,65.91,67.14,76.24
5,4,6-12,82.5,30.00,43.65,47.28,48.72,57.41,63.50,66.62,70.45,71.81,73.44,80.78
5,4,6-12,85,32.93,48.24,51.93,53.94,63.96,70.59,73.83,76.85,78.15,79.95,85.80
5,4,6-12,87.5,36.02,53.43,57.29,59.85,70.18,77.51,80.50,82.99,84.22,85.95,90.46
5,4,6-12,90,40.40,59.35,63.67,66.65,76.36,83.91,86.66,88.58,89.61,91.03,94.43
5,4,6-12,92.5,47.96,67.31,71.55,74.45,82.60,89.44,91.59,92.97,93.74,94.75,97.24
5,4,6-12,95,58.93,77.23,80.75,82.69,88.56,94.13,95.48,96.26,96.70,97.27,98.82
5,4,6-12,97.5,72.71,88.61,91.05,91.25,94.51,98.14,98.57,98.87,99.05,99.21,99.83
5,4,12-24,2.5,0.43,0.78,1.09,1.36,1.68,2.41,3.53,4.80,5.81,7.70,13.30
5,4,12-24,5,0.82,1.66,2.00,2.45,3.06,3.93,5.23,7.97,9.44,11.67,15.43
5,4,12-24,7.5,1.12,2.39,2.86,3.55,4.44,5.40,6.85,10.55,12.52,14.83,17.69
5,4,12-24,10,1.40,3.09,3.62,4.58,5.67,6.63,8.31,12.74,14.95,17.17,19.94
5,4,12-24,12.5,1.51,3.66,4.31,5.43,6.69,7.73,9.60,14.38,16.60,18.65,22.14
5,4,12-24,15,1.74,4.24,5.16,6.29,7.70,8.88,10.89,15.85,17.80,19.56,24.26
5,4,12-24,17.5,1.90,4.83,6.16,7.40,9.04,10.24,12.31,17.16,19.01,20.51,26.33
5,4,12-24,20,2.24,5.49,7.19,8.62,10.48,11.87,13.96,18.84,20.54,21.97,28.41
5,4,12-24,22.5,2.42,6.10,8.36,9.96,12.16,13.95,15.94,20.58,22.39,23.90,30.52
5,4,12-24,25,2.79,6.89,9.82,11.70,14.24,16.38,18.36,22.79,24.93,26.48,32.84
5,4,12-24,27.5,3.06,7.67,11.15,13.38,16.40,18.96,20.92,25.08,27.81,29.55,35.21
5,4,12-24,30,3.59,8.40,12.33,14.86,18.28,21.52,23.60,27.55,30.62,32.57,37.65
5,4,12-24,32.5,4.06,9.15,13.56,16.24,20.01,23.89,26.18,30.07,33.35,35.52,39.88
5,4,12-24,35,4.81,10.09,14.69,17.49,21.53,26.11,28.73,32.62,35.86,38.22,41.96
5,4,12-24,37.5,5.57,10.93,15.60,18.49,22.82,27.95,31.07,35.02,37.92,40.46,43.80
5,4,12-24,40,6.57,11.91,16.55,19.60,23.98,29.68,33.33,37.24,39.76,42.30,45.56
5,4,12-24,42.5,7.39,13.11,17.56,20.76,25.23,31.09,35.31,39.23,41.34,43.90,47.19
5,4,12-24,45,8.41,14.47,18.65,22.04,26.59,32.56,37.21,41.06,42.74,45.18,48.77
5,4,12-24,47.5,9.58,15.80,19.77,23.28,28.03,33.86,38.84,42.70,44.10,46.34,50.39
5,4,12-24,50,10.88,17.18,20.87,24.72,29.40,35.70,40.38,44.03,45.35,47.41,51.90
5,4,12-24,52.5,12.18,18.50,21.90,26.32,30.82,37.48,41.70,45.24,46.53,48.46,53.38
5,4,12-24,55,13.40,19.61,22.83,27.65,32.11,39.08,42.80,46.22,47.65,49.50,54.84
5,4,12-24,57.5,14.26,20.34,23.51,28.52,33.27,40.26,43.53,46.96,48.69,50.53,56.08
5,4,12-24,60,14.69,20.77,23.94,29.03,34.22,41.09,44.01,47.51,49.46,51.37,56.99
5,4,12-24,62.5,15.10,21.15,24.30,29.19,34.97,41.25,44.20,47.90,50.20,52.26,57.80
5,4,12-24,65,15.27,21.41,24.66,29.50,35.54,41.40,44.28,48.21,50.66,52.91,59.20
5,4,12-24,67.5,16.11,22.18,25.48,29.80,36.54,41.56,44.68,48.83,51.45,53.80,60.97
5,4,12-24,70,17.01,23.43,26.76,30.17,37.83,42.46,45.86,50.07,52.68,55.27,63.80
5,4,12-24,72.5,17.74,24.89,28.45,32.13,39.66,43.96,47.77,52.06,54.78,57.62,67.97
5,4,12-24,75,18.14,26.30,30.21,34.15,41.76,45.74,50.14,54.77,57.59,60.59,73.16
5,4,12-24,77.5,19.00,28.09,32.41,36.88,44.25,47.99,53.11,58.19,61.38,64.59,77.99
5,4,12-24,80,19.70,30.03,34.83,39.90,47.26,51.22,56.79,62.33,65.69,69.02,82.97
5,4,12-24,82.5,21.04,32.68,37.88,43.94,51.32,55.38,61.06,66.98,70.56,73.71,87.20
5,4,12-24,85,23.90,36.24,42.05,48.54,56.47,60.72,66.09,72.07,75.65,78.47,90.34
5,4,12-24,87.5,28.97,42.12,48.52,55.43,63.41,67.67,72.35,77.77,80.93,83.35,92.75
5,4,12-24,90,36.35,50.03,56.64,63.75,71.70,75.58,79.26,83.59,85.99,87.78,94.89
5,4,12-24,92.5,46.69,59.80,66.18,72.87,80.06,83.13,85.80,88.95,90.66,91.85,96.49
5,4,12-24,95,59.84,71.14,76.88,82.17,88.08,90.18,91.83,93.78,94.79,95.48,98.01
5,4,12-24,97.5,74.82,83.94,88.39,92.06,95.90,96.81,97.45,98.20,98.48,98.67,99.53
5,4,24-72,2.5,0.78,1.15,1.52,1.82,2.22,3.17,5.10,6.62,8.73,10.01,12.95
5,4,24-72,5,1.27,2.05,2.81,3.28,4.70,6.17,8.83,10.97,13.84,16.18,20.04
5,4,24-72,7.5,1.72,3.21,4.11,4.66,6.93,8.81,12.14,14.84,18.08,21.21,25.71
5,4,24-72,10,2.08,4.31,5.26,6.02,8.77,10.95,14.82,17.97,21.04,24.70,29.66
5,4,24-72,12.5,2.31,5.17,6.17,7.19,10.20,12.72,16.86,20.30,22.84,26.72,31.91
5,4,24-72,15,2.78,5.90,6.99,8.17,11.34,14.33,18.73,22.37,24.46,28.16,33.30
5,4,24-72,17.5,3.49,6.61,7.84,9.04,12.09,15.67,20.18,24.31,25.88,29.46,34.35
5,4,24-72,20,4.39,7.49,8.74,9.95,12.92,17.08,21.72,26.29,27.60,31.12,35.76
5,4,24-72,22.5,5.51,8.58,9.92,11.02,13.94,18.60,23.21,28.28,29.81,33.12,37.48
5,4,24-72,25,6.82,10.14,11.56,12.48,15.23,20.17,24.74,30.45,32.36,35.37,39.43
5,4,24-72,27.5,8.08,12.07,13.51,14.32,16.87,21.72,26.18,32.22,34.18,37.17,41.14
5,4,24-72,30,9.16,14.16,15.65,16.46,18.88,23.33,27.78,33.70,35.78,38.65,42.65
5,4,24-72,32.5,10.14,16.39,17.90,18.80,20.97,24.93,29.26,34.98,37.14,39.73,43.79
5,4,24-72,35,11.01,18.24,19.69,20.72,22.92,26.53,30.85,36.14,38.22,40.58,44.66
5,4,24-72,37.5,11.84,19.56,21.03,22.25,24.69,28.02,32.40,37.04,38.94,41.13,45.30
5,4,24-72,40,12.55,20.63,22.13,23.51,26.34,29.50,33.90,38.15,40.04,41.93,45.93
5,4,24-72,42.5,13.25,21.43,22.93,24.46,27.65,30.98,35.40,39.38,41.19,42.71,46.54
5,4,24-72,45,14.02,21.99,23.51,25.19,28.86,32.46,36.90,40.71,42.43,43.67,47.26
5,4,24-72,47.5,14.94,22.73,24.28,26.14,30.16,33.97,38.34,42.08,43.69,44.73,48.07
5,4,24-72,50,15.74,23.61,25.16,27.17,31.47,35.52,39.80,43.56,45.08,46.01,49.04
5,4,24-72,52.5,16.71,24.63,26.16,28.36,32.75,37.06,41.34,45.12,46.54,47.30,50.20
5,4,24-72,55,17.64,25.93,27.41,29.71,34.23,38.58,42.91,46.67,48.00,48.80,51.50
5,4,24-72,57.5,18.44,27.13,28.53,30.96,35.60,39.99,44.38,48.01,49.27,50.26,52.85
5,4,24-72,60,19.23,28.29,29.75,32.23,36.80,41.35,45.79,49.35,50.62,51.73,54.30
5,4,24-72,62.5,20.27,29.64,31.11,33.54,37.96,42.63,47.16,50.57,51.92,53.09,55.76
5,4,24-72,65,21.12,30.82,32.31,34.77,39.26,43.74,48.45,51.64,53.10,54.40,57.18
5,4,24-72,67.5,22.04,31.88,33.47,36.01,40.48,44.88,49.57,52.81,54.30,55.65,58.68
5,4,24-72,70,23.00,33.10,34.90,37.48,41.92,46.42,50.77,54.24,55.67,56.91,60.28
5,4,24-72,72.5,24.36,34.39,36.45,39.18,43.65,48.23,52.42,55.98,57.30,58.45,62.21
5,4,24-72,75,25.99,36.07,38.39,41.28,45.82,50.48,54.62,58.32,59.60,60.73,64.86
5,4,24-72,77.5,28.16,38.07,40.88,43.95,48.40,53.51,57.45,61.38,62.59,63.85,68.32
5,4,24-72,80,30.76,40.54,43.86,47.02,51.43,57.00,61.01,65.01,66.22,67.63,72.51
5,4,24-72,82.5,34.32,43.66,47.48,50.56,54.98,61.01,65.31,69.23,70.54,72.17,77.40
5,4,24-72,85,38.25,47.76,51.90,54.77,59.27,65.52,69.96,73.68,75.14,77.18,82.51
5,4,24-72,87.5,43.39,52.67,57.26,59.99,64.39,70.54,74.84,78.30,79.75,82.13,87.29
5,4,24-72,90,50.42,59.36,63.71,66.05,70.21,75.83,79.90,83.01,84.39,86.65,91.41
5,4,24-72,92.5,59.53,67.57,71.44,73.39,77.12,81.36,85.06,87.76,89.02,90.94,94.69
5,4,24-72,95,70.28,77.14,80.26,81.90,84.91,86.75,90.09,92.43,93.45,94.87,97.17
5,4,24-72,97.5,82.61,87.72,89.83,91.12,93.27,94.18,95.08,97.15,97.86,98.44,99.15
5,4,0-72,2.5,0.43,0.97,1.30,1.75,2.57,3.28,4.00,5.78,7.25,8.64,11.93
5,4,0-72,5,0.92,1.92,2.52,3.04,4.27,5.16,7.60,10.25,12.19,14.11,18.53
5,4,0-72,7.5,1.37,2.85,3.68,4.34,5.95,7.53,10.73,14.20,16.41,18.74,24.03
5,4,0-72,10,1.75,3.75,4.85,5.58,7.47,9.59,13.42,17.36,19.72,22.34,28.07
5,4,0-72,12.5,2.04,4.50,5.88,6.65,8.84,11.30,15.57,19.77,22.14,25.03,30.76
5,4,0-72,15,2.51,5.31,6.84,7.68,10.10,12.93,17.57,21.72,24.04,27.04,32.60
5,4,0-72,17.5,2.95,6.21,7.83,8.73,11.30,14.30,19.15,23.33,25.56,28.65,34.08
5,4,0-72,20,3.55,7.32,8.99,9.86,12.60,15.98,20.89,24.98,27.25,30.37,35.70
5,4,0-72,22.5,4.18,8.42,10.18,11.14,14.15,17.64,22.53,26.73,29.09,32.21,37.55
5,4,0-72,25,5.00,9.79,11.63,12.79,16.01,19.46,24.24,28.59,31.08,34.01,39.43
5,4,0-72,27.5,5.71,11.08,13.23,14.61,18.00,21.27,25.84,30.42,32.98,35.78,41.14
5,4,0-72,30,6.48,12.25,14.76,16.57,19.96,23.10,27.55,32.17,34.82,37.44,42.66
5,4,0-72,32.5,7.16,13.24,16.09,18.35,21.74,24.71,29.15,33.82,36.43,38.90,43.85
5,4,0-72,35,7.86,14.20,17.30,19.89,23.32,26.30,30.84,35.42,37.95,40.29,44.73
5,4,0-72,37.5,8.45,14.99,18.27,21.05,24.57,27.67,32.39,36.78,39.18,41.49,45.45
5,4,0-72,40,8.99,15.78,19.02,22.02,25.70,28.95,33.96,38.11,40.36,42.56,46.11
5,4,0-72,42.5,9.58,16.62,19.84,22.75,26.68,30.19,35.38,39.32,41.42,43.55,46.79
5,4,0-72,45,10.25,17.49,20.75,23.52,27.66,31.51,36.81,40.55,42.52,44.50,47.54
5,4,0-72,47.5,11.03,18.41,21.72,24.35,28.67,32.86,38.15,41.77,43.59,45.40,48.52
5,4,0-72,50,11.73,19.36,22.66,25.24,29.69,34.27,39.52,43.08,44.80,46.40,49.60
5,4,0-72,52.5,12.44,20.38,23.69,26.24,30.75,35.65,40.67,44.36,46.02,47.47,50.83
5,4,0-72,55,12.95,21.24,24.54,27.22,31.89,36.92,41.86,45.63,47.22,48.63,52.17
5,4,0-72,57.5,13.45,21.99,25.25,28.03,32.92,38.02,42.78,46.69,48.30,49.81,53.56
5,4,0-72,60,13.76,22.71,25.86,28.91,34.01,39.04,43.62,47.70,49.33,50.95,54.83
5,4,0-72,62.5,14.04,23.33,26.45,29.80,35.14,39.90,44.33,48.54,50.22,52.03,56.11
5,4,0-72,65,14.42,23.80,26.86,30.40,36.00,40.72,45.14,49.34,51.10,53.05,57.25
5,4,0-72,67.5,15.66,24.87,27.87,31.42,37.06,41.71,46.06,50.19,52.08,54.10,58.66
5,4,0-72,70,17.04,26.39,29.29,32.89,38.43,43.15,47.54,51.42,53.40,55.38,60.39
5,4,0-72,72.5,19.05,28.47,31.44,34.90,40.13,45.03,49.50,53.19,55.33,57.21,62.82
5,4,0-72,75,21.42,30.92,34.15,37.43,42.22,47.52,52.32,55.86,58.09,59.92,66.21
5,4,0-72,77.5,24.00,33.81,37.53,40.68,45.14,50.60,55.80,59.39,61.71,63.54,70.65
5,4,0-72,80,26.18,36.80,41.07,44.17,48.59,54.45,60.07,63.88,66.19,68.04,75.41
5,4,0-72,82.5,28.99,40.09,45.09,48.23,52.90,59.01,64.98,69.05,71.34,73.28,80.60
5,4,0-72,85,32.14,43.83,49.41,52.67,58.05,64.24,70.54,74.63,76.77,78.77,85.60
5,4,0-72,87.5,36.96,49.25,55.03,58.31,64.28,70.27,76.27,80.17,82.11,83.97,89.88
5,4,0-72,90,44.05,56.45,61.96,65.12,71.16,76.81,82.08,85.45,87.05,88.67,93.26
5,4,0-72,92.5,53.75,65.31,70.25,73.11,78.52,83.44,87.61,90.24,91.45,92.69,95.95
5,4,0-72,95,65.55,75.71,79.67,82.03,85.96,90.01,92.76,94.50,95.25,95.99,97.86
5,4,0-72,97.5,79.24,87.29,90.03,91.69,93.47,96.48,97.54,98.30,98.56,98.79,99.34
5,all,0-6,2.5,0.55,1.12,1.40,1.71,3.35,4.00,5.95,7.61,8.94,10.25,13.08
5,all,0-6,5,1.41,3.37,3.96,5.06,7.82,9.96,12.91,16.01,17.93,20.52,27.09
5,all,0-6,7.5,2.40,5.67,6.84,8.33,12.14,15.88,19.74,24.33,26.82,30.56,39.94
5,all,0-6,10,3.47,8.05,9.67,11.61,16.33,21.78,26.72,32.72,35.76,40.35,51.25
5,all,0-6,12.5,4.56,10.42,12.42,14.81,20.35,27.55,33.59,40.71,44.33,49.40,60.78
5,all,0-6,15,5.90,12.96,15.25,18.12,24.28,33.03,40.06,48.43,52.53,57.54,68.69
5,all,0-6,17.5,7.18,15.40,17.95,21.30,28.17,37.81,45.82,54.99,59.40,64.07,74.39
5,all,0-6,20,8.54,18.02,20.97,24.76,32.16,42.38,51.28,60.60,65.23,69.44,78.98
5,all,0-6,22.5,9.96,20.56,24.01,28.03,35.97,46.39,55.96,65.12,69.91,73.60,82.32
5,all,0-6,25,11.60,23.28,27.25,31.65,39.94,50.21,60.08,68.89,73.58,76.85,84.66
5,all,0-6,27.5,13.23,25.87,30.35,35.07,43.87,53.82,63.78,71.72,76.15,79.42,86.39
5,all,0-6,30,14.89,28.49,33.56,38.95,47.96,57.61,67.22,74.60,78.78,81.81,88.00
5,all,0-6,32.5,16.53,30.93,36.54,42.41,51.78,61.09,70.15,77.18,81.01,83.75,89.32
5,all,0-6,35,18.21,33.44,39.59,46.32,55.81,64.53,72.96,79.69,83.19,85.58,90.67
5,all,0-6,37.5,19.87,35.65,42.30,49.56,59.26,67.48,75.27,81.84,85.02,87.09,91.88
5,all,0-6,40,21.43,37.89,45.00,52.88,62.51,70.36,77.44,83.77,86.72,88.34,92.88
5,all,0-6,42.5,23.08,39.57,47.50,55.35,65.08,72.77,79.24,85.04,87.78,89.23,93.63
5,all,0-6,45,24.82,41.40,50.01,57.77,67.61,75.04,80.90,86.15,88.75,90.10,94.28
5,all,0-6,47.5,26.59,43.19,52.20,59.61,69.54,76.97,82.18,87.00,89.39,90.73,94.74
5,all,0-6,50,28.34,45.26,54.41,61.59,71.38,78.84,83.49,87.80,90.09,91.40,95.18
5,all,0-6,52.5,30.40,47.46,56.59,63.22,72.80,80.34,84.60,88.57,90.70,92.00,95.62
5,all,0-6,55,32.20,50.37,58.84,65.13,74.34,81.71,85.77,89.43,91.37,92.61,96.01
5,all,0-6,57.5,33.77,53.21,60.97,67.10,75.68,83.02,86.81,90.22,91.97,93.16,96.37
5,all,0-6,60,35.49,56.29,63.33,69.18,77.10,84.33,87.98,91.07,92.62,93.74,96.70
5,all,0-6,62.5,37.31,59.36,65.80,71.31,78.64,85.52,89.04,91.85,93.20,94.26,97.01
5,all,0-6,65,39.27,62.63,68.36,73.57,80.39,86.77,90.11,92.65,93.81,94.83,97.29
5,all,0-6,67.5,42.12,65.87,71.04,75.77,81.98,88.02,91.11,93.38,94.38,95.36,97.57
5,all,0-6,70,45.71,69.20,73.86,77.96,83.60,89.14,92.14,94.12,94.96,95.89,97.83
5,all,0-6,72.5,50.41,72.51,76.72,80.23,85.31,90.26,93.03,94.79,95.51,96.39,98.09
5,all,0-6,75,56.05,75.79,79.63,82.52,87.08,91.41,93.93,95.49,96.09,96.93,98.35
5,all,0-6,77.5,62.31,78.85,82.52,84.79,88.77,92.51,94.75,96.09,96.63,97.41,98.59
5,all,0-6,80,68.31,81.85,85.28,87.03,90.47,93.56,95.57,96.73,97.16,97.86,98.83
5,all,0-6,82.5,74.19,84.81,87.78,89.24,92.12,94.59,96.30,97.29,97.66,98.26,99.05
5,all,0-6,85,79.20,87.51,90.08,91.24,93.57,95.55,97.02,97.83,98.14,98.61,99.26
5,all,0-6,87.5,83.63,90.08,92.15,93.04,94.84,96.44,97.65,98.30,98.54,98.90,99.45
5,all,0-6,90,87.40,92.48,93.97,94.71,96.04,97.26,98.24,98.73,98.91,99.15,99.62
5,all,0-6,92.5,91.13,94.69,95.72,96.35,97.24,98.06,98.75,99.10,99.25,99.40,99.76
5,all,0-6,95,94.82,96.72,97.41,97.83,98.33,98.81,99.26,99.44,99.54,99.65,99.88
5,all,0-6,97.5,98.45,98.74,99.07,99.29,99.42,99.55,99.66,99.76,99.81,99.89,99.99
5,all,6-12,2.5,0.73,1.65,2.17,2.90,4.57,6.09,6.84,8.99,10.42,12.88,19.79
5,all,6-12,5,2.02,3.96,4.88,6.05,8.89,11.94,15.10,18.87,21.84,25.48,36.32
5,all,6-12,7.5,3.29,6.23,7.54,9.10,13.13,17.65,22.78,27.95,32.26,36.77,50.78
5,all,6-12,10,4.56,8.47,10.23,12.20,17.41,23.14,29.42,36.02,41.36,46.38,62.83
5,all,6-12,12.5,5.83,10.53,12.69,15.17,21.31,27.96,34.78,42.65,48.64,53.84,71.57
5,all,6-12,15,7.05,12.55,15.24,18.05,25.00,32.25,39.64,48.40,54.71,59.69,77.40
5,all,6-12,17.5,8.20,14.28,17.69,20.71,28.10,35.83,43.58,53.02,59.30,64.13,80.91
5,all,6-12,20,9.34,16.01,20.24,23.32,31.05,38.87,47.16,57.29,63.25,68.02,83.38
5,all,6-12,22.5,10.39,17.55,22.78,25.67,33.77,41.52,50.71,60.88,66.49,71.30,84.72
5,all,6-12,25,11.43,19.26,25.54,28.07,36.64,44.11,54.46,64.36,69.57,74.40,86.01
5,all,6-12,27.5,12.39,20.79,27.63,30.02,39.10,46.47,57.77,67.56,72.28,77.22,87.13
5,all,6-12,30,13.31,22.33,29.38,31.86,41.41,48.66,60.63,70.40,74.81,79.54,88.16
5,all,6-12,32.5,14.09,23.54,30.65,33.43,43.39,50.73,63.18,72.66,76.95,81.30,89.03
5,all,6-12,35,14.74,24.77,31.56,34.90,45.16,52.75,65.36,74.67,78.77,82.72,89.86
5,all,6-12,37.5,15.16,25.72,31.98,35.97,46.52,54.67,67.03,76.22,80.23,83.82,90.51
5,all,6-12,40,15.69,26.69,32.71,37.23,48.09,56.58,68.59,77.37,81.30,84.61,91.13
5,all,6-12,42.5,16.04,27.47,33.31,38.31,49.62,58.42,70.17,78.34,82.12,85.34,91.70
5,all,6-12,45,16.45,28.50,34.15,39.58,51.11,60.34,71.56,79.27,82.80,86.02,92.23
5,all,6-12,47.5,16.98,29.41,35.10,40.80,52.49,62.23,72.90,80.15,83.43,86.69,92.80
5,all,6-12,50,17.82,30.57,36.54,42.38,54.10,64.11,74.23,81.04,84.01,87.33,93.37
5,all,6-12,52.5,18.76,31.82,38.02,43.93,55.40,66.01,75.40,81.93,84.73,88.01,94.02
5,all,6-12,55,20.02,33.47,39.83,45.76,57.11,67.90,76.57,82.85,85.47,88.68,94.61
5,all,6-12,57.5,21.39,35.20,41.68,47.61,59.02,69.76,77.78,83.82,86.26,89.39,95.21
5,all,6-12,60,22.99,37.35,43.80,49.80,61.20,71.62,78.93,84.80,87.10,90.09,95.73
5,all,6-12,62.5,24.63,39.68,45.92,51.92,63.45,73.53,80.12,85.79,88.01,90.76,96.27
5,all,6-12,65,26.20,42.29,48.31,54.38,66.10,75.41,81.35,86.82,88.88,91.44,96.68
5,all,6-12,67.5,27.79,44.82,50.69,57.03,68.63,77.33,82.65,87.86,89.78,92.13,97.11
5,all,6-12,70,29.80,47.54,53.33,59.93,71.24,79.26,83.99,88.88,90.66,92.79,97.47
5,all,6-12,72.5,32.43,50.33,56.12,62.78,73.77,81.15,85.39,89.93,91.56,93.48,97.80
5,all,6-12,75,35.71,53.49,59.24,65.95,76.34,83.06,86.82,90.99,92.46,94.18,98.06
5,all,6-12,77.5,39.87,57.21,62.84,69.32,78.96,84.99,88.37,92.07,93.38,94.88,98.31
5,all,6-12,80,44.60,61.80,67.19,72.89,81.56,86.91,89.87,93.15,94.31,95.60,98.53
5,all,6-12,82.5,49.97,67.02,72.00,76.71,84.16,88.87,91.45,94.28,95.28,96.37,98.77
5,all,6-12,85,55.74,72.85,77.10,80.77,86.90,90.79,93.02,95.35,96.20,97.10,99.02
5,all,6-12,87.5,62.09,78.67,82.16,84.88,89.60,92.65,94.54,96.37,97.06,97.76,99.27
5,all,6-12,90,68.79,84.00,86.80,88.75,92.11,94.45,95.94,97.32,97.83,98.36,99.51
5,all,6-12,92.5,75.98,88.81,90.93,92.30,94.51,96.21,97.23,98.17,98.52,98.89,99.71
5,all,6-12,95,83.06,93.19,94.60,95.48,96.74,97.90,98.38,98.92,99.12,99.34,99.87
5,all,6-12,97.5,90.17,97.08,97.91,98.40,98.82,99.12,99.41,99.60,99.69,99.76,100.00
5,all,12-24,2.5,1.50,1.92,2.25,2.88,6.25,7.87,8.25,10.69,12.49,14.69,20.89
5,all,12-24,5,2.93,5.04,6.32,7.77,12.55,15.89,18.06,22.30,25.25,28.65,37.13
5,all,12-24,7.5,4.37,8.15,10.41,12.67,18.77,23.72,27.33,33.00,36.91,41.30,51.35
5,all,12-24,10,5.82,11.22,14.47,17.66,25.00,31.15,35.57,42.09,46.84,51.99,62.97
5,all,12-24,12.5,7.24,14.21,18.50,22.66,31.01,37.85,42.69,49.34,54.70,60.34,71.63
5,all,12-24,15,8.57,16.80,21.98,27.19,36.28,43.72,49.00,55.28,60.83,66.54,77.52
5,all,12-24,17.5,9.68,18.86,24.84,30.94,40.58,48.43,54.23,60.09,65.38,70.83,81.08
5,all,12-24,20,10.67,20.60,27.14,33.97,44.09,52.25,58.86,64.35,69.16,74.12,83.59
5,all,12-24,22.5,11.61,21.93,28.77,36.04,46.70,55.14,63.01,68.49,72.53,76.86,85.42
5,all,12-24,25,12.32,22.91,29.76,37.04,48.37,57.29,66.57,72.67,75.92,79.51,86.98
5,all,12-24,27.5,12.81,23.91,30.71,37.70,49.65,58.80,69.38,76.46,79.21,82.24,88.55
5,all,12-24,30,13.22,24.96,31.57,38.23,50.52,59.72,71.30,79.44,82.06,84.80,90.24
5,all,12-24,32.5,13.52,25.88,32.34,38.58,51.07,59.97,72.34,81.43,84.32,87.06,91.87
5,all,12-24,35,13.84,26.90,33.26,39.16,51.55,60.28,72.89,82.42,85.93,88.88,93.34
5,all,12-24,37.5,14.30,27.82,34.20,39.87,51.91,60.41,73.08,82.64,86.77,90.07,94.47
5,all,12-24,40,14.99,28.74,35.22,40.73,52.19,60.71,73.10,82.70,87.06,90.74,95.27
5,all,12-24,42.5,15.84,29.62,36.32,41.67,52.60,61.26,73.16,82.80,87.18,91.12,95.77
5,all,12-24,45,16.83,30.46,37.40,42.58,53.07,62.08,73.53,82.90,87.30,91.30,96.03
5,all,12-24,47.5,17.81,31.25,38.39,43.47,53.59,62.60,74.05,83.00,87.53,91.46,96.16
5,all,12-24,50,18.99,32.52,39.52,44.49,54.46,63.50,74.77,83.40,87.93,91.67,96.31
5,all,12-24,52.5,20.49,34.16,40.90,45.76,55.67,64.49,75.71,83.77,88.49,91.97,96.46
5,all,12-24,55,22.22,36.20,42.69,47.39,57.27,65.87,76.82,84.67,89.11,92.34,96.61
5,all,12-24,57.5,24.28,38.74,44.83,49.64,59.26,67.65,77.97,85.53,89.75,92.75,96.81
5,all,12-24,60,26.61,41.35,47.14,52.07,61.46,69.98,79.04,86.29,90.36,93.16,97.01
5,all,12-24,62.5,29.21,43.76,49.53,54.66,63.75,72.21,80.22,87.09,90.96,93.56,97.20
5,all,12-24,65,31.64,45.93,51.72,57.04,66.07,74.57,81.49,87.88,91.54,93.95,97.40
5,all,12-24,67.5,34.21,48.12,53.68,59.25,68.27,76.65,82.74,88.66,92.14,94.34,97.60
5,all,12-24,70,36.87,50.26,55.70,61.22,70.36,78.53,84.02,89.35,92.73,94.73,97.78
5,all,12-24,72.5,39.58,52.89,58.10,63.41,72.53,80.18,85.36,90.17,93.31,95.12,97.97
5,all,12-24,75,41.85,55.65,60.76,65.76,74.70,81.85,86.61,90.95,93.88,95.52,98.15
5,all,12-24,77.5,44.08,58.69,63.80,68.46,76.91,83.43,87.81,91.75,94.49,95.95,98.33
5,all,12-24,80,46.33,61.82,67.13,71.35,79.22,85.04,89.09,92.64,95.08,96.39,98.52
5,all,12-24,82.5,48.66,65.31,70.72,74.57,81.67,86.76,90.41,93.68,95.70,96.84,98.71
5,all,12-24,85,51.20,68.96,74.41,77.89,84.19,88.58,91.74,94.63,96.33,97.29,98.90
5,all,12-24,87.5,55.46,73.39,78.41,81.47,86.84,90.46,93.10,95.59,96.99,97.75,99.10
5,all,12-24,90,61.33,78.37,82.57,85.14,89.54,92.37,94.47,96.53,97.63,98.21,99.29
5,all,12-24,92.5,68.64,83.68,86.91,88.94,92.26,94.27,95.84,97.45,98.30,98.67,99.49
5,all,12-24,95,77.31,89.13,91.22,92.68,94.99,96.15,97.21,98.34,98.96,99.12,99.68
5,all,12-24,97.5,87.25,94.79,95.58,96.46,97.76,98.05,98.59,99.23,99.62,99.75,99.88
5,all,24-72,2.5,1.15,1.71,2.06,2.52,4.18,6.17,8.83,11.68,14.55,17.56,24.95
5,all,24-72,5,2.23,4.06,4.87,5.91,8.82,12.81,17.63,22.99,27.19,31.30,40.66
5,all,24-72,7.5,3.27,6.23,7.44,8.98,13.10,18.71,25.43,33.09,38.32,43.34,54.30
5,all,24-72,10,4.21,8.09,9.62,11.61,16.78,23.67,31.96,41.72,47.76,53.49,65.45
5,all,24-72,12.5,4.95,9.52,11.35,13.75,19.81,27.57,36.99,48.27,54.74,61.32,73.82
5,all,24-72,15,5.61,10.66,12.83,15.56,22.25,30.34,40.57,52.64,59.09,66.47,79.10
5,all,24-72,17.5,6.16,11.47,13.98,17.00,24.12,32.11,42.78,55.45,61.64,69.68,82.37
5,all,24-72,20,6.68,12.29,15.12,18.42,25.75,33.52,44.41,57.24,63.06,71.70,84.51
5,all,24-72,22.5,7.25,13.05,16.24,19.79,27.28,34.60,45.36,57.91,63.20,72.20,85.54
5,all,24-72,25,8.02,14.01,17.44,21.22,28.84,35.60,46.12,58.42,63.25,72.26,85.82
5,all,24-72,27.5,8.86,15.18,18.74,22.64,30.45,36.97,47.15,59.07,63.27,72.30,85.86
5,all,24-72,30,9.73,16.59,20.19,24.22,32.12,38.73,48.59,59.77,63.49,72.38,85.90
5,all,24-72,32.5,10.78,18.03,21.65,25.72,33.81,40.51,50.29,60.68,63.98,72.44,85.93
5,all,24-72,35,11.82,19.61,23.23,27.36,35.47,42.43,52.47,62.31,65.15,72.50,85.97
5,all,24-72,37.5,12.74,21.00,24.81,28.97,37.06,44.33,54.71,64.06,66.58,72.57,86.00
5,all,24-72,40,13.61,22.25,26.30,30.65,38.76,45.94,56.59,65.86,68.33,73.40,86.04
5,all,24-72,42.5,14.65,23.49,27.83,32.30,40.57,47.36,57.99,67.42,69.97,74.66,87.21
5,all,24-72,45,15.75,25.02,29.68,34.29,42.41,49.10,59.20,68.89,71.63,76.72,88.48
5,all,24-72,47.5,17.32,26.97,31.88,36.44,44.48,51.17,60.54,70.17,73.25,78.54,89.41
5,all,24-72,50,19.48,29.64,34.38,38.83,46.75,53.47,62.19,71.65,74.99,80.08,90.19
5,all,24-72,52.5,21.94,32.98,37.54,41.54,49.00,56.10,64.23,73.37,76.76,81.54,90.83
5,all,24-72,55,24.11,36.28,40.64,44.31,51.24,58.88,66.77,75.65,78.98,83.25,91.61
5,all,24-72,57.5,25.91,39.02,43.27,46.86,53.71,61.49,69.52,78.00,81.23,84.94,92.54
5,all,24-72,60,27.32,41.15,45.34,49.20,56.08,63.81,72.02,80.37,83.40,86.69,93.73
5,all,24-72,62.5,28.14,42.75,47.20,51.34,58.34,66.10,74.30,82.51,85.40,88.37,94.98
5,all,24-72,65,28.70,43.70,48.39,53.03,60.37,68.12,76.32,84.33,87.15,89.95,96.14
5,all,24-72,67.5,29.75,44.83,49.70,54.68,62.31,70.07,78.11,85.81,88.55,91.31,96.99
5,all,24-72,70,31.07,46.31,51.28,56.32,63.98,71.82,79.56,87.12,89.87,92.56,97.65
5,all,24-72,72.5,32.46,48.21,53.26,58.11,65.61,73.55,80.84,88.12,90.92,93.47,98.01
5,all,24-72,75,34.33,50.37,55.44,60.04,67.28,75.03,81.97,88.99,91.76,94.21,98.21
5,all,24-72,77.5,36.73,53.06,58.10,62.37,69.31,76.66,83.12,89.85,92.55,94.83,98.29
5,all,24-72,80,39.39,56.09,61.07,65.01,71.49,78.24,84.18,90.64,93.25,95.36,98.38
5,all,24-72,82.5,43.04,59.72,64.56,68.18,74.13,80.17,85.53,91.48,93.89,95.83,98.44
5,all,24-72,85,47.80,63.80,68.43,71.72,77.08,82.36,87.11,92.51,94.63,96.37,98.58
5,all,24-72,87.5,53.76,68.53,72.80,75.75,80.47,84.95,88.95,93.65,95.48,96.95,98.76
5,all,24-72,90,60.88,73.73,77.56,80.17,84.17,87.77,91.03,94.89,96.38,97.57,98.99
5,all,24-72,92.5,69.50,79.62,82.63,84.91,88.16,90.86,93.32,96.25,97.33,98.26,99.24
5,all,24-72,95,79.12,86.16,87.85,89.76,92.17,93.97,95.65,97.65,98.32,98.99,99.51
5,all,24-72,97.5,89.40,93.03,93.19,94.75,96.30,97.15,98.08,99.10,99.32,99.55,99.77
5,all,0-72,2.5,1.08,2.04,2.58,3.34,4.69,6.37,7.81,10.30,12.16,14.66,21.60
5,all,0-72,5,2.35,4.32,5.47,6.84,9.74,13.58,16.97,21.38,24.48,28.12,37.57
5,all,0-72,7.5,3.59,6.56,8.32,10.27,14.68,20.49,25.56,31.57,35.63,40.20,51.55
5,all,0-72,10,4.82,8.78,11.16,13.68,19.47,26.83,33.19,40.38,45.16,50.47,63.04
5,all,0-72,12.5,5.92,10.85,13.80,16.85,23.94,32.42,39.68,47.57,52.72,58.62,71.66
5,all,0-72,15,6.92,12.77,16.23,19.72,27.91,37.21,45.23,53.41,58.54,64.61,77.38
5,all,0-72,17.5,7.80,14.43,18.29,22.14,31.01,41.00,49.56,57.96,62.97,68.83,80.89
5,all,0-72,20,8.60,15.99,20.23,24.32,33.59,44.11,53.16,61.80,66.74,72.25,83.32
5,all,0-72,22.5,9.31,17.38,21.89,26.21,35.63,46.55,55.92,65.02,69.84,74.94,85.01
5,all,0-72,25,10.06,18.75,23.51,28.07,37.35,48.54,58.09,67.80,72.62,77.28,86.35
5,all,0-72,27.5,10.87,20.11,25.00,29.79,38.88,50.23,59.80,70.07,75.06,79.47,87.66
5,all,0-72,30,11.70,21.51,26.51,31.41,40.52,51.68,61.22,71.87,76.92,81.38,88.96
5,all,0-72,32.5,12.51,22.77,27.81,32.85,42.01,52.90,62.34,73.12,78.10,82.81,90.18
5,all,0-72,35,13.35,24.09,29.22,34.30,43.56,54.27,63.76,74.21,79.02,84.02,91.29
5,all,0-72,37.5,14.16,25.27,30.47,35.54,44.99,55.49,65.16,75.15,79.64,84.83,92.25
5,all,0-72,40,14.96,26.51,31.85,36.89,46.42,56.80,66.62,76.11,80.22,85.47,93.05
5,all,0-72,42.5,15.78,27.58,33.21,38.24,47.68,58.03,67.98,77.06,80.86,86.03,93.72
5,all,0-72,45,16.71,28.90,34.80,39.80,49.13,59.31,69.33,78.12,81.72,86.61,94.24
5,all,0-72,47.5,17.89,30.35,36.44,41.44,50.66,60.49,70.35,79.07,82.56,87.09,94.64
5,all,0-72,50,19.41,32.28,38.33,43.33,52.45,61.97,71.60,80.06,83.51,87.72,94.92
5,all,0-72,52.5,21.16,34.45,40.32,45.28,54.39,63.51,72.89,81.15,84.53,88.42,95.18
5,all,0-72,55,22.94,36.99,42.49,47.39,56.57,65.39,74.37,82.30,85.61,89.20,95.40
5,all,0-72,57.5,24.82,39.38,44.67,49.56,58.80,67.56,76.05,83.52,86.75,90.06,95.70
5,all,0-72,60,26.62,41.64,46.83,51.75,61.09,69.85,77.89,84.82,88.01,91.04,96.06
5,all,0-72,62.5,28.29,43.62,49.00,53.94,63.38,72.11,79.55,86.10,89.22,91.97,96.47
5,all,0-72,65,29.86,45.38,50.95,56.07,65.59,74.32,81.14,87.25,90.31,92.83,96.90
5,all,0-72,67.5,31.76,47.16,52.88,58.23,67.77,76.38,82.65,88.36,91.31,93.60,97.32
5,all,0-72,70,33.75,49.16,54.81,60.32,69.87,78.21,84.02,89.37,92.17,94.27,97.68
5,all,0-72,72.5,36.00,51.52,56.94,62.47,71.97,80.00,85.35,90.35,92.90,94.84,97.97
5,all,0-72,75,38.51,54.15,59.24,64.72,73.98,81.61,86.69,91.30,93.55,95.38,98.19
5,all,0-72,77.5,41.45,57.17,62.09,67.30,76.10,83.25,88.02,92.25,94.20,95.89,98.38
5,all,0-72,80,44.54,60.42,65.22,70.08,78.24,84.84,89.34,93.15,94.86,96.39,98.56
5,all,0-72,82.5,48.24,64.13,68.85,73.31,80.60,86.54,90.72,94.08,95.54,96.87,98.72
5,all,0-72,85,52.41,68.26,72.78,76.77,83.07,88.30,92.09,94.98,96.22,97.34,98.90
5,all,0-72,87.5,57.68,72.90,77.10,80.53,85.81,90.21,93.49,95.87,96.93,97.81,99.09
5,all,0-72,90,64.02,77.90,81.55,84.43,88.65,92.18,94.92,96.75,97.61,98.28,99.29
5,all,0-72,92.5,71.71,83.28,86.22,88.48,91.66,94.22,96.37,97.65,98.29,98.75,99.49
5,all,0-72,95,80.43,88.80,90.85,92.47,94.62,96.21,97.81,98.54,98.96,99.22,99.70
5,all,0-72,97.5,90.01,94.42,95.53,96.53,97.64,98.21,99.26,99.44,99.65,99.70,99.92
